srcMac| dstMac| ethType| srcIp| dstIp| ipProto| srcPort| dstPort|origin timestamp|client mode|transmit timestamp|client version,,
null|null|0x0800|192.168.1.249|91.218.89.74|17|36779|123|0|1b|dba219a8161b2a27|1b,,
null|null|0x0800|192.168.1.249|202.127.210.37|17|54935|123|0|1b|dba2c26990384ba0|1b,,
null|null|0x0800|202.147.104.60|192.168.1.249|17|123|49218|0|1b|db9b4450153a0c6b|1b,,
null|null|0x0800|192.168.1.249|203.122.222.45|17|34523|123|0|1b|db9a472e538aa001|1b,,
null|null|0x0800|192.189.54.33|192.168.1.249|17|123|49864|0|1b|db9cd38baf3e468c|1b,,
null|null|0x0800|192.168.1.249|198.60.22.240|17|45626|123|0|1b|db999e67f599aa60|1b,,
null|null|0x0800|129.6.15.28|192.168.1.249|17|123|48059|0|1b|db9f222efdb25f63|1b,,
null|null|0x0800|110.21.101.199|192.168.1.249|17|123|44856|0|1b|db9ecdce9cd64d7f|1b,,
null|null|0x0800|110.21.101.199|192.168.1.249|17|123|55892|0|1b|dba01f56132f5558|1b,,
null|null|0x0800|130.102.128.23|192.168.1.249|17|123|55788|0|1b|db9dd0ad6282517e|1b,,
null|null|0x0800|121.0.0.41|192.168.1.249|17|123|45061|0|1b|db9e250dc6903643|1b,,
null|null|0x0800|192.168.1.249|27.114.150.12|17|56892|123|0|1b|db994a0714e1e710|1b,,
null|null|0x0800|192.168.1.249|203.100.61.10|17|50223|123|0|1b|dba26e0923939a7c|1b,,
null|null|0x0800|62.201.225.9|192.168.1.249|17|123|47507|0|1b|db9c7f2afc332f01|1b,,
null|null|0x0800|192.168.1.249|146.0.32.144|17|40789|123|0|1b|db9d7c4c8fa1c25d|1b,,
null|null|0x0800|192.168.1.249|41.73.42.10|17|43722|123|0|1b|db9b98b08abf0132|1b,,
null|null|0x0800|85.93.216.115|192.168.1.249|17|123|34381|0|1b|db9f768fb45d52c1|1b,,
null|null|0x0800|192.168.1.249|27.124.125.252|17|37586|123|0|1b|db9c4171ce84be40|1b,,
null|null|0x0800|54.252.129.186|192.168.1.249|17|123|32849|0|1b|dba1c542b2c32229|1b,,
null|null|0x0800|192.168.1.249|103.38.120.36|17|52333|123|0|1b|db9d27ec1de6cd29|1b,,
null|null|0x0800|192.168.1.249|121.0.0.41|17|39750|123|0|1b|db9aefefacbb7f9d|1b,,
null|null|0x0800|192.168.1.249|211.233.84.186|17|50093|123|0|1b|dba0c81c04df15a4|1b,,
null|null|0x0800|192.168.1.249|202.127.210.37|17|40279|123|0|1b|db98f5a115f59ccf|1b,,
null|null|0x0800|192.168.1.249|129.250.35.251|17|41219|123|0|1b|dba11c81bd25edd0|1b,,
null|null|0x0800|192.168.1.249|5.9.80.113|17|46897|123|0|1b|dba316c9f7dd334c|1b,,
null|null|0x0800|192.168.1.249|78.46.37.9|17|35028|123|0|1b|db9fcaf55ef4e011|1b,,
null|null|0x0800|192.168.1.249|213.175.93.20|17|57180|123|0|1b|db9a9b8eb9c45458|1b,,
null|null|0x0800|121.0.0.42|192.168.1.249|17|123|42284|0|1b|db9e796e2826bb55|1b,,
null|null|0x0800|192.168.1.249|203.122.222.45|17|37919|123|0|1b|dba073b672cacd18|1b,,
null|null|0x0800|202.127.210.36|192.168.1.249|17|123|38223|0|1b|db9bed1167a50939|1b,,
null|null|0x0800|192.168.1.249|52.63.147.200|17|45927|123|0|1b|db99f2cdee244630|1b,,
null|null|0x0800|211.233.84.186|192.168.1.249|17|123|45626|0|1b|db999e6d5fb43d89|1b,,
null|null|0x0800|192.168.1.249|54.252.165.245|17|44405|123|0|1b|dba170e254eeae9e|1b,,
null|null|0x0800|130.102.128.23|192.168.1.249|17|123|53887|0|1b|dba4bcb71196a6a0|1b,,
null|null|0x0800|202.127.210.36|192.168.1.248|17|123|41260|0|1b|dbae695c3ea64c2f|1b,,
null|null|0x0800|130.102.128.23|192.168.1.249|17|123|47967|0|1b|dbacc594b73a7978|1b,,
null|null|0x0800|220.233.156.30|192.168.1.249|17|123|51631|0|1b|dba6b6fa26cfd8f0|1b,,
null|null|0x0800|210.23.25.77|192.168.1.249|17|123|60247|0|1b|dba80886ee8155d5|1b,,
null|null|0x0800|192.168.1.249|202.60.94.15|17|52236|123|0|1b|dba7b4212f56eac8|1b,,
null|null|0x0800|192.189.54.17|192.168.1.249|17|123|33302|0|1b|dbab0001a62c12ad|1b,,
null|null|0x0800|130.102.128.23|192.168.1.249|17|123|58701|0|1b|dbad6e5ae197d49d|1b,,
null|null|0x0800|202.127.210.36|192.168.1.249|17|123|36899|0|1b|dba70b5ff2ee5258|1b,,
null|null|0x0800|80.69.163.42|192.168.1.249|17|123|34894|0|1b|dbaa574079aac53b|1b,,
null|null|0x0800|192.168.1.249|194.225.50.25|17|55160|123|0|1b|dbaa02daaa2de870|1b,,
null|null|0x0800|192.168.1.249|121.0.0.42|17|53426|123|0|1b|dba46856a777c02a|1b,,
null|null|0x0800|85.119.80.232|192.168.1.249|17|123|59487|0|1b|dba5b9d84fa7fc32|1b,,
null|null|0x0800|192.168.1.249|45.76.107.191|17|51631|123|0|1b|dba6b6ff486dd69d|1b,,
null|null|0x0800|192.168.1.249|103.38.120.36|17|43412|123|0|1b|dbac71345404b7f5|1b,,
null|null|0x0800|121.0.0.41|192.168.1.249|17|123|51783|0|1b|dba75fc0662c98e5|1b,,
null|null|0x0800|202.127.210.37|192.168.1.248|17|123|58810|0|1b|dbaebdbca9bd2fa0|1b,,
null|null|0x0800|192.168.1.249|210.23.25.77|17|38600|123|0|1b|dba36b34fe586013|1b,,
null|null|0x0800|192.33.96.102|192.168.1.249|17|123|44788|0|1b|dbab741275ec0b56|1b,,
null|null|0x0800|62.210.211.218|192.168.1.248|17|123|59467|0|1b|dbaf667dbfeb074a|1b,,
null|null|0x0800|77.245.18.26|192.168.1.249|17|123|36859|0|1b|dba60e38f6a7264a|1b,,
null|null|0x0800|27.124.125.250|192.168.1.249|17|123|42410|0|1b|dba95a1423291b82|1b,,
null|null|0x0800|192.168.1.249|27.124.125.250|17|39641|123|0|1b|dba413f60dff2e48|1b,,
null|null|0x0800|192.168.1.249|103.245.79.2|17|48905|123|0|1b|dba905b35054ef45|1b,,
null|null|0x0800|54.252.161.68|192.168.1.249|17|123|55522|0|1b|dbaaaba1387b890d|1b,,
null|null|0x0800|121.0.0.41|192.168.1.249|17|123|40801|0|1b|dba51117738fabda|1b,,
null|null|0x0800|202.147.104.60|192.168.1.249|17|123|40481|0|1b|dbadc2bb46d9dfda|1b,,
null|null|0x0800|192.168.1.249|192.189.54.33|17|56683|123|0|1b|dbab1fb22ead1d04|1b,,
null|null|0x0800|192.168.1.249|121.0.0.41|17|41998|123|0|1b|dbabc87330dd1e53|1b,,
null|null|0x0800|192.168.1.249|138.201.135.108|17|53904|123|0|1b|dbad19fa2b545c78|1b,,
null|null|0x0800|198.211.106.151|192.168.1.248|17|123|48504|0|1b|dbaf121d24bc2763|1b,,
null|null|0x0800|195.154.71.176|192.168.1.249|17|123|50260|0|1b|dbac1cd396071c53|1b,,
null|null|0x0800|130.102.2.123|192.168.1.249|17|123|53881|0|1b|dba66299b00b1359|1b,,
null|null|0x0800|192.168.1.249|196.10.52.57|17|55721|123|0|1b|dba9ae7489749279|1b,,
null|null|0x0800|192.168.1.249|129.250.35.250|17|54444|123|0|1b|dba3bf9580a45d41|1b,,
null|null|0x0800|54.252.165.245|192.168.1.249|17|123|37236|0|1b|dba56577dd749279|1b,,
null|null|0x0800|130.102.128.23|192.168.1.248|17|123|57098|0|1b|dbb45825b78ad256|1b,,
null|null|0x0800|192.168.1.248|193.141.27.6|17|49948|123|0|1b|dbb7f8552f7ced91|1b,,
null|null|0x0800|192.168.1.248|202.127.210.37|17|60396|123|0|1b|dbb84cb5dae3b46f|1b,,
null|null|0x0800|192.168.1.248|27.124.125.251|17|37709|123|0|1b|dbba46ffb9e0c5a8|1b,,
null|null|0x0800|192.168.1.248|27.124.125.251|17|38068|123|0|1b|dbbbece268219eb6|1b,,
null|null|0x0800|195.154.10.106|192.168.1.248|17|123|45333|0|1b|dbbb442135fce315|1b,,
null|null|0x0800|203.122.222.149|192.168.1.248|17|123|44986|0|1b|dbb8a116494573a7|1b,,
null|null|0x0800|192.168.1.248|212.51.144.44|17|42180|123|0|1b|dbbc4142e858bc59|1b,,
null|null|0x0800|192.168.1.248|97.107.128.58|17|34516|123|0|1b|dbb3af64addbdb5d|1b,,
null|null|0x0800|192.168.1.248|52.63.147.200|17|36674|123|0|1b|dbb5fe0d4b2e8c04|1b,,
null|null|0x0800|202.127.210.37|192.168.1.248|17|123|40914|0|1b|dbafbade6ecc2d6a|1b,,
null|null|0x0800|129.250.35.250|192.168.1.248|17|123|48939|0|1b|dbb99e3e4b0f6ad7|1b,,
null|null|0x0800|192.168.1.248|203.158.118.2|17|41959|123|0|1b|dbb949ddac36eb4e|1b,,
null|null|0x0800|192.189.54.33|192.168.1.248|17|123|55470|0|1b|dbbc95a3d36b5d46|1b,,
null|null|0x0800|192.168.1.248|27.124.125.252|17|51497|123|0|1b|dbb403c53e77c45c|1b,,
null|null|0x0800|59.167.170.228|192.168.1.248|17|123|51475|0|1b|dbb6a6d32071e6cd|1b,,
null|null|0x0800|192.168.1.248|4.53.160.75|17|58768|123|0|1b|dbba9b602ad234eb|1b,,
null|null|0x0800|192.168.1.248|86.59.80.170|17|46322|123|0|1b|dbb74f9412358298|1b,,
null|null|0x0800|192.168.1.248|103.38.120.36|17|42812|123|0|1b|dbb160c0cd04a2fc|1b,,
null|null|0x0800|108.61.194.85|192.168.1.248|17|123|45344|0|1b|dbb8f576f5f42bb6|1b,,
null|null|0x0800|192.168.1.248|27.124.125.252|17|39844|123|0|1b|dbb7a3f4be7bf61a|1b,,
null|null|0x0800|192.168.1.248|129.250.35.250|17|51356|123|0|1b|dbb00f3eef78feef|1b,,
null|null|0x0800|192.168.1.248|202.60.94.11|17|42389|123|0|1b|dbb0639f78aefb2a|1b,,
null|null|0x0800|129.250.35.251|192.168.1.248|17|123|54848|0|1b|dbbd92caeb7f38c5|1b,,
null|null|0x0800|192.168.1.248|195.43.138.123|17|59603|123|0|1b|dbb25de28fb99d45|1b,,
null|null|0x0800|192.168.1.248|103.38.120.36|17|33754|123|0|1b|dbbaefc0c07c30d3|1b,,
null|null|0x0800|54.252.161.68|192.168.1.248|17|123|46598|0|1b|dbb500e6953a81dc|1b,,
null|null|0x0800|192.168.1.248|203.23.237.200|17|37268|123|0|1b|dbb2b2434256ffc1|1b,,
null|null|0x0800|192.168.1.248|103.38.121.36|17|48142|123|0|1b|dbb65272b7a3db3b|1b,,
null|null|0x0800|202.127.210.36|192.168.1.248|17|123|57231|0|1b|dbb35b041ffb3743|1b,,
null|null|0x0800|192.168.1.248|121.0.0.42|17|48475|123|0|1b|dbb9f29efc36b8f9|1b,,
null|null|0x0800|176.9.82.67|192.168.1.248|17|123|36464|0|1b|dbbcea0469c853c1|1b,,
null|null|0x0800|129.250.35.251|192.168.1.248|17|123|56267|0|1b|dbb6fb3390adab9f|1b,,
null|null|0x0800|192.168.1.248|202.65.114.202|17|56813|123|0|1b|dbbd3e6a539884c6|1b,,
null|null|0x0800|192.168.1.248|45.114.116.62|17|34923|123|0|1b|dbb4ac8631cd2d44|1b,,
null|null|0x0800|202.147.104.60|192.168.1.248|17|123|35963|0|1b|dbb0b7fff773affb|1b,,
null|null|0x0800|91.218.89.74|192.168.1.248|17|123|52771|0|1b|dbb1b52143566490|1b,,
null|null|0x0800|178.17.162.12|192.168.1.248|17|123|44188|0|1b|dbb5554702d14a0a|1b,,
null|null|0x0800|202.147.104.60|192.168.1.248|17|123|35973|0|1b|dbbde72b7a1bb05f|1b,,
null|null|0x0800|130.102.2.123|192.168.1.248|17|123|44138|0|1b|dbb209821c28b2a6|1b,,
null|null|0x0800|192.168.1.248|129.250.35.250|17|35872|123|0|1b|dbb306a3a32b239a|1b,,
null|null|0x0800|192.168.1.248|220.233.156.30|17|33628|123|0|1b|dbb5a9aceab862b2|1b,,
null|null|0x0800|121.0.0.41|192.168.1.248|17|123|37719|0|1b|dbb10c60610a2446|1b,,
null|null|0x0800|192.168.1.248|121.0.0.41|17|37665|123|0|1b|dbbb9881e51d68c6|1b,,
null|null|0x0800|220.233.156.30|192.168.1.248|17|123|40585|0|1b|dbca3d3577ceb788|1b,,
null|null|0x0800|160.16.101.116|192.168.1.248|17|123|45422|0|1b|dbc08a345dac258d|1b,,
null|null|0x0800|27.124.125.252|192.168.1.248|17|123|44802|0|1b|dbc7ca9e5ae1693c|1b,,
null|null|0x0800|192.168.1.248|128.138.141.172|17|41894|123|0|1b|dbbf38ad3cc1333b|1b,,
null|null|0x0800|192.168.1.248|45.114.116.62|17|35411|123|0|1b|dbc7763e0e0a2014|1b,,
null|null|0x0800|192.168.1.248|202.127.210.36|17|52619|123|0|1b|dbc81efeb4258d58|1b,,
null|null|0x0800|121.0.0.41|192.168.1.248|17|123|49025|0|1b|dbcc285460e3369b|1b,,
null|null|0x0800|121.0.0.42|192.168.1.248|17|123|49306|0|1b|dbbee44cc2e3a3a8|1b,,
null|null|0x0800|192.168.1.248|203.206.205.83|17|33130|123|0|1b|dbc6cd7761907d91|1b,,
null|null|0x0800|196.10.52.57|192.168.1.248|17|123|40213|0|1b|dbc381a81b457c0b|1b,,
null|null|0x0800|192.168.1.248|54.252.161.68|17|48728|123|0|1b|dbc8c7bf82e81882|1b,,
null|null|0x0800|27.124.125.251|192.168.1.248|17|123|33889|0|1b|dbc2d8e6d651c193|1b,,
null|null|0x0800|27.124.125.251|192.168.1.248|17|123|40158|0|1b|dbc0de9a15fe004b|1b,,
null|null|0x0800|192.168.1.248|27.124.125.250|17|33578|123|0|1b|dbcc7cb4cfcec84f|1b,,
null|null|0x0800|192.168.1.248|103.51.68.133|17|45802|123|0|1b|dbc9e8d52ca31e7d|1b,,
null|null|0x0800|54.252.165.245|192.168.1.248|17|123|50843|0|1b|dbc42a6981c66d37|1b,,
null|null|0x0800|220.233.156.30|192.168.1.248|17|123|44042|0|1b|dbcb7f93857be985|1b,,
null|null|0x0800|54.252.161.68|192.168.1.248|17|123|57177|0|1b|dbc1dbc09ca1be2b|1b,,
null|null|0x0800|192.168.1.248|123.108.200.124|17|45779|123|0|1b|dbc721dd607fdc59|1b,,
null|null|0x0800|27.124.125.250|192.168.1.248|17|123|34259|0|1b|dbc5d05103d2fa0d|1b,,
null|null|0x0800|121.0.0.42|192.168.1.248|17|123|51447|0|1b|dbc91c1ff9b317ef|1b,,
null|null|0x0800|192.168.1.248|192.189.54.17|17|50728|123|0|1b|dbcb2b330f9713ad|1b,,
null|null|0x0800|192.168.1.248|203.122.222.149|17|60211|123|0|1b|dbc132fa9487db2b|1b,,
null|null|0x0800|103.38.120.36|192.168.1.248|17|123|60585|0|1b|dbbfe16e5118b0d0|1b,,
null|null|0x0800|129.250.35.251|192.168.1.248|17|123|51951|0|1b|dbc32d478d314445|1b,,
null|null|0x0800|27.124.125.250|192.168.1.248|17|123|33785|0|1b|dbbe8fec508abd5d|1b,,
null|null|0x0800|192.168.1.248|27.124.125.251|17|43303|123|0|1b|dbcad6d2a6f46aa0|1b,,
null|null|0x0800|54.252.165.245|192.168.1.248|17|123|45188|0|1b|dbbe3b8beb0153bd|1b,,
null|null|0x0800|27.124.125.250|192.168.1.248|17|123|49294|0|1b|dbc3d60907f0995a|1b,,
null|null|0x0800|103.38.121.36|192.168.1.248|17|123|52885|0|1b|dbc67916e34a2339|1b,,
null|null|0x0800|192.168.1.248|121.0.0.42|17|42485|123|0|1b|dbc9c4e0e6cffa7e|1b,,
null|null|0x0800|192.168.1.248|192.189.54.33|17|52991|123|0|1b|dbc8735f2280e065|1b,,
null|null|0x0800|78.47.253.206|192.168.1.248|17|123|46645|0|1b|dbccd1153d1cb039|1b,,
null|null|0x0800|192.168.1.248|129.250.35.250|17|45592|123|0|1b|dbc624b17e795703|1b,,
null|null|0x0800|192.168.1.248|192.189.54.17|17|59355|123|0|1b|dbcbd3f3f32f9873|1b,,
null|null|0x0800|192.168.1.248|121.0.0.41|17|38524|123|0|1b|dbc230211547064e|1b,,
null|null|0x0800|192.168.1.248|45.114.116.62|17|34814|123|0|1b|dbc97080774a771c|1b,,
null|null|0x0800|192.168.1.248|202.60.94.15|17|60938|123|0|1b|dbbf8d0dd8180d3c|1b,,
null|null|0x0800|192.168.1.248|27.124.125.250|17|38886|123|0|1b|dbc035cec0a3d70a|1b,,
null|null|0x0800|97.107.128.58|192.168.1.248|17|123|46169|0|1b|dbc1875afc536d65|1b,,
null|null|0x0800|192.168.1.248|121.0.0.42|17|53195|123|0|1b|dbc284866fc7607c|1b,,
null|null|0x0800|192.168.1.248|80.241.0.72|17|51642|123|0|1b|dbdc77210a527a20|1b,,
null|null|0x0800|80.241.0.72|192.168.1.248|17|123|38563|0|1b|dbcd257b0856e696|1b,,
null|null|0x0800|27.124.125.252|192.168.1.248|17|123|33707|0|1b|dbd2bfe97133c1ce|1b,,
null|null|0x0800|192.168.1.248|192.189.54.33|17|42066|123|0|1b|dbd4cbafb9dabe27|1b,,
null|null|0x0800|27.124.125.251|192.168.1.248|17|123|39200|0|1b|dbd6884cc46088d6|1b,,
null|null|0x0800|27.124.125.250|192.168.1.248|17|123|60425|0|1b|dbdb25939fb4d488|1b,,
null|null|0x0800|192.168.1.248|202.127.210.36|17|35588|123|0|1b|dbd57280b615336d|1b,,
null|null|0x0800|192.168.1.248|202.127.210.36|17|59517|123|0|1b|dbdc22badbdfa00e|1b,,
null|null|0x0800|192.168.1.248|202.127.210.36|17|47315|123|0|1b|dbd97fb1298372e6|1b,,
null|null|0x0800|192.168.1.248|194.225.50.25|17|46560|123|0|1b|dbdbce59afa7daa4|1b,,
null|null|0x0800|192.168.1.248|206.108.0.131|17|57135|123|0|1b|dbd4774ef815a07b|1b,,
null|null|0x0800|192.168.1.248|130.102.2.123|17|40734|123|0|1b|dbd633ec70b923a2|1b,,
null|null|0x0800|192.168.1.248|108.61.56.35|17|60688|123|0|1b|dbd217285e4e26d4|1b,,
null|null|0x0800|192.168.1.248|192.189.54.33|17|55159|123|0|1b|dbcfc8847e1b7e0a|1b,,
null|null|0x0800|192.168.1.248|121.0.0.42|17|60244|123|0|1b|dbd8d6f0698793dd|1b,,
null|null|0x0800|192.168.1.248|46.165.194.70|17|41406|123|0|1b|dbd01ce4f1460aa6|1b,,
null|null|0x0800|121.0.0.41|192.168.1.248|17|123|53150|0|1b|dbd92b50c24a59c0|1b,,
null|null|0x0800|220.233.156.30|192.168.1.248|17|123|49796|0|1b|dbd16e673ba1e3ea|1b,,
null|null|0x0800|192.168.1.248|130.102.128.23|17|34435|123|0|1b|dbdd1fe261dfdac6|1b,,
null|null|0x0800|192.168.1.248|202.127.210.37|17|33613|123|0|1b|dbd5c6e18a744b2b|1b,,
null|null|0x0800|27.124.125.251|192.168.1.248|17|123|44527|0|1b|dbd26b88fa5b63d3|1b,,
null|null|0x0800|132.163.4.101|192.168.1.248|17|123|36815|0|1b|dbce229cf1c36976|1b,,
null|null|0x0800|103.38.120.36|192.168.1.248|17|123|47670|0|1b|dbdb79f428f4f93b|1b,,
null|null|0x0800|129.250.35.250|192.168.1.248|17|123|58379|0|1b|dbd61b4210886162|1b,,
null|null|0x0800|129.250.35.250|192.168.1.248|17|123|46396|0|1b|dbcd79dbd93c579f|1b,,
null|null|0x0800|27.124.125.250|192.168.1.248|17|123|44453|0|1b|dbcdce3c5c848387|1b,,
null|null|0x0800|192.168.1.248|130.102.2.123|17|55614|123|0|1b|dbd51e20513fd0d0|1b,,
null|null|0x0800|129.250.35.251|192.168.1.248|17|123|48300|0|1b|dbd07145b1826677|1b,,
null|null|0x0800|202.127.210.37|192.168.1.248|17|123|43105|0|1b|dbcf7423fb530ced|1b,,
null|null|0x0800|192.168.1.248|129.250.35.251|17|52694|123|0|1b|dbdad1330add9c27|1b,,
null|null|0x0800|192.168.1.248|121.0.0.41|17|44502|123|0|1b|dbd11a06bfac710c|1b,,
null|null|0x0800|192.168.1.248|54.252.165.245|17|34716|123|0|1b|dbda287225ccb7d4|1b,,
null|null|0x0800|202.127.210.36|192.168.1.248|17|123|45431|0|1b|dbdccb81db1e0828|1b,,
null|null|0x0800|192.168.1.248|121.0.0.41|17|49751|123|0|1b|dbda7cd2964851a8|1b,,
null|null|0x0800|121.0.0.41|192.168.1.248|17|123|47066|0|1b|dbd88290053f5b5f|1b,,
null|null|0x0800|192.168.1.248|220.233.156.30|17|38563|123|0|1b|dbcd2575ec12cf0f|1b,,
null|null|0x0800|192.189.54.17|192.168.1.248|17|123|57926|0|1b|dbd9d411a4cc2507|1b,,
null|null|0x0800|193.6.176.19|192.168.1.248|17|123|37987|0|1b|dbd1c2c7a45ff1d8|1b,,
null|null|0x0800|54.252.165.245|192.168.1.248|17|123|55123|0|1b|dbce76fd9371da37|1b,,
null|null|0x0800|209.133.217.165|192.168.1.248|17|123|51642|0|1b|dbdc771b9edc7ef1|1b,,
null|null|0x0800|82.100.248.10|192.168.1.248|17|123|47493|0|1b|dbd82e2f0f7318fc|1b,,
null|null|0x0800|121.0.0.41|192.168.1.248|17|123|37173|0|1b|dbcf1fbe8757d5a9|1b,,
null|null|0x0800|129.250.35.250|192.168.1.248|17|123|34909|0|1b|dbd0c5a6319ba1b1|1b,,
null|null|0x0800|202.60.94.11|192.168.1.248|17|123|40422|0|1b|dbcecb5e0d40bbb1|1b,,
null|null|0x0800|27.124.125.251|192.168.1.248|17|123|59676|0|1b|dbe6273487939a7c|1b,,
null|null|0x0800|192.168.1.248|27.124.125.252|17|59682|123|0|1b|dbe3d8911162f166|1b,,
null|null|0x0800|192.168.1.248|103.38.121.36|17|58966|123|0|1b|dbe08cc2334efcbd|1b,,
null|null|0x0800|192.189.54.17|192.168.1.248|17|123|52230|0|1b|dbdd7447cc0e27e0|1b,,
null|null|0x0800|121.0.0.41|192.168.1.248|17|123|55146|0|1b|dbe2db6a8daad601|1b,,
null|null|0x0800|27.124.125.251|192.168.1.248|17|123|44219|0|1b|dbe6cff585490e66|1b,,
null|null|0x0800|103.38.120.36|192.168.1.248|17|123|42349|0|1b|dbde927f0af3c2da|1b,,
null|null|0x0800|192.168.1.248|54.252.165.245|17|56890|123|0|1b|dbdf8fa05c3c07ee|1b,,
null|null|0x0800|202.127.210.36|192.168.1.248|17|123|33823|0|1b|dbe5d2d40bc158fb|1b,,
null|null|0x0800|192.168.1.248|121.0.0.42|17|56056|123|0|1b|dbe4815208940bbb|1b,,
null|null|0x0800|176.58.109.199|192.168.1.248|17|123|54575|0|1b|dbe03861742d16b9|1b,,
null|null|0x0800|54.252.129.186|192.168.1.248|17|123|41433|0|1b|dbde1d08e15e17e3|1b,,
null|null|0x0800|192.168.1.248|130.102.2.123|17|50686|123|0|1b|dbe287051fa58f71|1b,,
null|null|0x0800|192.168.1.248|27.124.125.250|17|42083|123|0|1b|dbe232a4ab9dd3ba|1b,,
null|null|0x0800|27.124.125.251|192.168.1.248|17|123|55676|0|1b|dbe52a13019029ae|1b,,
null|null|0x0800|192.168.1.248|62.210.244.146|17|48337|123|0|1b|dbe778b673079e59|1b,,
null|null|0x0800|192.168.1.248|171.66.97.126|17|53326|123|0|1b|dbddc8a843fdc593|1b,,
null|null|0x0800|192.168.1.248|203.19.252.1|17|46977|123|0|1b|dbe384308815a07b|1b,,
null|null|0x0800|27.124.125.250|192.168.1.248|17|123|39852|0|1b|dbe1358367daf8df|1b,,
null|null|0x0800|103.38.120.36|192.168.1.248|17|123|59546|0|1b|dbdf3b3ff71886df|1b,,
null|null|0x0800|203.135.184.46|192.168.1.248|17|123|39087|0|1b|dbdfe400fe2a6f3f|1b,,
null|null|0x0800|192.168.1.248|27.124.125.250|17|35178|123|0|1b|dbe724560059b802|1b,,
null|null|0x0800|192.168.1.248|129.250.35.250|17|41224|123|0|1b|dbe32fd00e11a975|1b,,
null|null|0x0800|192.168.1.248|27.124.125.251|17|54357|123|0|1b|dbe42cf19a2bae03|1b,,
null|null|0x0800|192.168.1.248|192.189.54.17|17|36421|123|0|1b|dbde3e1ec5c347e8|1b,,
null|null|0x0800|192.168.1.248|192.189.54.33|17|34173|123|0|1b|dbe67b950dd3aa36|1b,,
null|null|0x0800|27.124.125.250|192.168.1.248|17|123|58258|0|1b|dbe57e7388cdd93c|1b,,
null|null|0x0800|192.168.1.248|94.23.210.194|17|38060|123|0|1b|dbe0e122a65fe974|1b,,
null|null|0x0800|192.168.1.248|203.135.184.46|17|58035|123|0|1b|dbdee6df7fbf2f55|1b,,
null|null|0x0800|192.168.1.248|202.60.94.11|17|32986|123|0|1b|dbe4d5b27f5bb384|1b,,
null|null|0x0800|203.122.222.149|192.168.1.248|17|123|48060|0|1b|dbe1de4448052d66|1b,,
null|null|0x0800|54.252.129.186|192.168.1.248|17|123|47817|0|1b|dbe189e3d8927913|1b,,
null|null|0x0800|188.114.116.1|192.168.1.249|17|123|56027|0|1b|dc3b8b748bc30d30|1b,,
null|null|0x0800|104.156.232.147|192.168.1.249|17|123|44332|0|1b|dc51654573f498c3|1b,,
null|null|0x0800|192.168.1.249|54.252.165.245|17|42388|123|0|1b|dc4acdb758f7121a|1b,,
null|null|0x0800|103.242.68.69|192.168.1.249|17|123|43899|0|1b|dc3dda18b129fe00|1b,,
null|null|0x0800|192.168.1.249|104.156.232.147|17|46418|123|0|1b|dc4a24f693d32c62|1b,,
null|null|0x0800|192.168.1.249|119.252.27.44|17|42622|123|0|1b|dc4b2217c9ec5f39|1b,,
null|null|0x0800|192.168.1.248|130.102.2.123|17|55358|123|0|1b|83aa7ead8049cb25|1b,,
null|null|0x0800|192.168.1.249|192.189.54.17|17|37524|123|0|1b|dc497c35a12c6ac2|1b,,
null|null|0x0800|202.60.94.15|192.168.1.249|17|123|54832|0|1b|dc5110e4fd2a0ec7|1b,,
null|null|0x0800|121.0.0.41|192.168.1.249|17|123|56855|0|1b|dc4e198117d816ac|1b,,
null|null|0x0800|192.168.1.249|45.63.31.8|17|60983|123|0|1b|dc52b6ca6ba6ce35|1b,,
null|null|0x0800|13.54.31.227|192.168.1.249|17|123|59573|0|1b|dc50682436fd1138|1b,,
null|null|0x0800|192.168.1.249|27.124.125.251|17|54492|123|0|1b|dc3c3435eee47dc3|1b,,
null|null|0x0800|104.156.232.147|192.168.1.249|17|123|58334|0|1b|dc530b2ae697396d|1b,,
null|null|0x0800|192.168.1.249|45.32.189.94|17|53517|123|0|1b|dc4e6de1b598bf7f|1b,,
null|null|0x0800|27.124.125.252|192.168.1.249|17|123|58270|0|1b|dc49d09619bbcf4e|1b,,
null|null|0x0800|192.168.1.249|85.199.214.101|17|41148|123|0|1b|dc3e2e79261ac57e|1b,,
null|null|0x0800|13.55.50.68|192.168.1.249|17|123|40376|0|1b|dc4a7956febb44e5|1b,,
null|null|0x0800|203.135.184.123|192.168.1.249|17|123|43004|0|1b|dc51b9a5cd18f3ec|1b,,
null|null|0x0800|54.252.165.245|192.168.1.249|17|123|56808|0|1b|dc487f1441604189|1b,,
null|null|0x0800|104.156.232.147|192.168.1.249|17|123|32908|0|1b|dc4f16a28cc49ba5|1b,,
null|null|0x0800|223.252.23.219|192.168.1.249|17|123|52488|0|1b|dc50bc8495b4aa97|1b,,
null|null|0x0800|203.7.149.150|192.168.1.249|17|123|36803|0|1b|dc4f6b02f8fb6566|1b,,
null|null|0x0800|129.250.35.251|192.168.1.249|17|123|47858|0|1b|dc526269ecb23140|1b,,
null|null|0x0800|27.124.125.252|192.168.1.249|17|123|60513|0|1b|dc4927d5211fa333|1b,,
null|null|0x0800|27.124.125.250|192.168.1.249|17|123|34406|0|1b|dc520e096c8eef1b|1b,,
null|null|0x0800|192.168.1.249|103.38.120.36|17|38121|123|0|1b|dc4dc5209ee87d2c|1b,,
null|null|0x0800|192.168.1.249|13.54.31.227|17|42581|123|0|1b|dc4fbf6364157eed|1b,,
null|null|0x0800|27.124.125.250|192.168.1.249|17|123|55971|0|1b|dc4ec242126fa3fc|1b,,
null|null|0x0800|61.216.153.105|192.168.1.249|17|123|45472|0|1b|dc4c1f3e1c4577d9|1b,,
null|null|0x0800|192.168.1.249|13.55.50.68|17|43276|123|0|1b|dc4bcad8935c6c11|1b,,
null|null|0x0800|203.135.184.123|192.168.1.249|17|123|49442|0|1b|dc48d374aff42352|1b,,
null|null|0x0800|192.189.54.33|192.168.1.249|17|123|45454|0|1b|dc3bdfd562d00b45|1b,,
null|null|0x0800|192.189.54.33|192.168.1.249|17|123|42125|0|1b|dc4b76782bf5d788|1b,,
null|null|0x0800|210.9.100.22|192.168.1.249|17|123|45705|0|1b|dc3b370f1e8aa433|1b,,
null|null|0x0800|192.168.1.249|104.156.232.147|17|52480|123|0|1b|dc5013c3c8739b02|1b,,
null|null|0x0800|45.32.189.94|192.168.1.248|17|123|36170|0|1b|dc68308f4f6b4c7f|1b,,
null|null|0x0800|171.66.97.126|192.168.1.248|17|123|51157|0|1b|dc6e73a1aa176dda|1b,,
null|null|0x0800|76.191.88.3|192.168.1.248|17|123|45532|0|1b|dc63b648faeb7026|1b,,
null|null|0x0800|192.168.1.248|97.107.128.58|17|37153|123|0|1b|dc67336da9bf487f|1b,,
null|null|0x0800|192.168.1.248|173.230.144.109|17|51028|123|0|1b|dc65e1eb3cc729f5|1b,,
null|null|0x0800|192.168.1.248|198.23.200.19|17|47853|123|0|1b|dc630d82e1807fed|1b,,
null|null|0x0800|192.168.1.248|27.124.125.252|17|34318|123|0|1b|dc6d767f6b0b9dc2|1b,,
null|null|0x0800|192.168.1.248|45.127.112.2|17|60669|123|0|1b|dc65391e1f5c9e66|1b,,
null|null|0x0800|150.101.176.226|192.168.1.249|17|123|60473|0|1b|dc56ffb04131b9b6|1b,,
null|null|0x0800|192.168.1.248|192.189.54.33|17|59823|123|0|1b|dc6dcae02b54d1e9|1b,,
null|null|0x0800|192.168.1.248|45.127.112.2|17|51774|123|0|1b|dc643bfbf5f926c7|1b,,
null|null|0x0800|121.0.0.42|192.168.1.249|17|123|37543|0|1b|83aa7ea562ed3522|1b,,
null|null|0x0800|74.120.8.2|192.168.1.248|17|123|52132|0|1b|dc6264c10aea747d|1b,,
null|null|0x0800|203.114.73.24|192.168.1.248|17|123|50650|0|1b|dc668aac736be37d|1b,,
null|null|0x0800|192.168.1.248|103.38.120.36|17|39257|123|0|1b|83aa8a3ba4bb5e0f|1b,,
null|null|0x0800|192.168.1.248|67.18.187.111|17|40707|123|0|1b|dc6884f0252c4934|1b,,
null|null|0x0800|192.168.1.248|13.55.50.68|17|39068|123|0|1b|dc6f1c6334c89b0e|1b,,
null|null|0x0800|192.168.1.249|203.122.222.149|17|44840|123|0|1b|dc575410b3965b20|1b,,
null|null|0x0800|129.250.35.250|192.168.1.249|17|123|45842|0|1b|dc53b3ebc1157abb|1b,,
null|null|0x0800|192.168.1.248|199.101.100.221|17|56705|123|0|1b|dc66df0cdce4ead0|1b,,
null|null|0x0800|192.168.1.248|203.114.73.24|17|35105|123|0|1b|dc64e4bdb013ec46|1b,,
null|null|0x0800|103.236.162.131|192.168.1.249|17|123|56444|0|1b|dc54084c36cacd18|1b,,
null|null|0x0800|192.168.1.248|66.79.167.34|17|40093|123|0|1b|dc64905cd9e9e1b0|1b,,
null|null|0x0800|192.168.1.248|203.23.237.200|17|33791|123|0|1b|dc6787ce6e5b749a|1b,,
null|null|0x0800|198.211.106.151|192.168.1.248|17|123|53548|0|1b|dc66364bc903d9a9|1b,,
null|null|0x0800|192.168.1.248|103.38.120.36|17|39538|123|0|1b|dc6ec802630984e3|1b,,
null|null|0x0800|120.146.26.214|192.168.1.248|17|123|50260|0|1b|dc658d899ba41e57|1b,,
null|null|0x0800|103.76.40.155|192.168.1.248|17|123|35761|0|1b|dc68d950c9faa8a8|1b,,
null|null|0x0800|192.168.1.248|202.60.94.11|17|37087|123|0|1b|dc6361e87b382e44|1b,,
null|null|0x0800|216.182.1.2|192.168.1.248|17|123|43460|0|1b|dc62b921df496aad|1b,,
null|null|0x0800|192.168.1.248|203.7.149.150|17|48855|123|0|1b|dc67dc2eedacbc8c|1b,,
null|null|0x0800|83.68.137.76|192.168.1.248|17|123|60669|0|1b|dc653928e51e321a|1b,,
null|null|0x0800|192.168.1.248|27.124.125.250|17|43688|123|0|1b|dc6f70c3eae04c05|1b,,
null|null|0x0800|192.168.1.248|66.135.44.92|17|52564|123|0|1b|dc6e1f404139a7c1|1b,,
null|null|0x0800|27.124.125.252|192.168.1.249|17|123|46397|0|1b|dc535f8b4c3c07ee|1b,,
null|null|0x0800|192.168.1.248|108.61.73.244|17|59979|123|0|1b|dc7342341d66cf41|1b,,
null|null|0x0800|4.53.160.75|192.168.1.248|17|123|40926|0|1b|dc77ae217f446f9b|1b,,
null|null|0x0800|27.124.125.250|192.168.1.248|17|123|50213|0|1b|dc7759c0aa55b035|1b,,
null|null|0x0800|173.255.246.13|192.168.1.248|17|123|41404|0|1b|dc7856e35e888b54|1b,,
null|null|0x0800|192.168.1.248|129.250.35.251|17|36332|123|0|1b|dc79540507d0e12e|1b,,
null|null|0x0800|74.123.28.4|192.168.1.248|17|123|34369|0|1b|dc78ab43ec6d82ba|1b,,
null|null|0x0800|192.168.1.248|103.38.120.36|17|49606|123|0|1b|dc73eafa733b1077|1b,,
null|null|0x0800|192.168.1.248|74.117.214.3|17|50093|123|0|1b|dc6fc524aa0f6f08|1b,,
null|null|0x0800|192.168.1.248|38.229.71.1|17|34001|123|0|1b|dc753c87b67a52ac|1b,,
null|null|0x0800|192.168.1.248|121.0.0.42|17|40980|123|0|1b|dc72edd3763486f0|1b,,
null|null|0x0800|27.124.125.251|192.168.1.248|17|123|49853|0|1b|dc743f5b286de764|1b,,
null|null|0x0800|192.168.1.248|27.124.125.250|17|42639|123|0|1b|dc75e54961e53a81|1b,,
null|null|0x0800|192.168.1.248|74.82.59.142|17|58780|123|0|1b|dc7ba2b9bb790fb6|1b,,
null|null|0x0800|192.168.1.248|195.21.137.209|17|52207|123|0|1b|dc7639af29162281|1b,,
null|null|0x0800|192.168.1.248|69.89.207.199|17|35379|123|0|1b|dc74e826d6854477|1b,,
null|null|0x0800|106.247.248.106|192.168.1.248|17|123|41588|0|1b|dc7493c5f34666ec|1b,,
null|null|0x0800|192.168.1.248|65.182.224.39|17|41280|123|0|1b|dc78ffa4839d0a67|1b,,
null|null|0x0800|97.127.21.25|192.168.1.248|17|123|59732|0|1b|dc79fccc1cd2a1f8|1b,,
null|null|0x0800|129.250.35.250|192.168.1.248|17|123|57895|0|1b|dc7a512cf562f166|1b,,
null|null|0x0800|192.168.1.248|77.235.14.49|17|41755|123|0|1b|dc7bf720fe7a0f90|1b,,
null|null|0x0800|192.168.1.248|27.124.125.252|17|40177|123|0|1b|dc7590e8908f2170|1b,,
null|null|0x0800|192.168.1.248|54.252.165.245|17|54326|123|0|1b|dc739699b1bd72bc|1b,,
null|null|0x0800|23.92.29.245|192.168.1.248|17|123|57980|0|1b|dc7aa58d86770bd0|1b,,
null|null|0x0800|192.189.54.33|192.168.1.248|17|123|34900|0|1b|dc7c4b8228d41312|1b,,
null|null|0x0800|192.168.1.248|130.95.13.1|17|35660|123|0|1b|dc7c9fe2d74fa483|1b,,
null|null|0x0800|192.168.1.248|27.124.125.250|17|54363|123|0|1b|dc780282524638c9|1b,,
null|null|0x0800|192.168.1.248|138.236.128.112|17|60646|123|0|1b|dc77055fe0913a4f|1b,,
null|null|0x0800|192.168.1.248|204.11.201.12|17|33305|123|0|1b|dc76b0ff450d8cb0|1b,,
null|null|0x0800|166.111.206.172|192.168.1.248|17|123|38945|0|1b|dc79a86afdec7000|1b,,
null|null|0x0800|216.218.254.202|192.168.1.248|17|123|43874|0|1b|dc7019868adbf8b9|1b,,
null|null|0x0800|192.168.1.248|129.250.35.251|17|55572|123|0|1b|dc72996dfa3736cd|1b,,
null|null|0x0800|74.82.59.143|192.168.1.248|17|123|41588|0|1b|dc7493bbd23a4b55|1b,,
null|null|0x0800|59.125.122.217|192.168.1.248|17|123|46170|0|1b|dc7b4e5412dd26b7|1b,,
null|null|0x0800|192.168.1.248|198.211.106.151|17|43891|123|0|1b|dc7af9ee7ee6ea85|1b,,
null|null|0x0800|216.229.0.49|192.168.1.248|17|123|44510|0|1b|dc7def717e1bf37b|1b,,
null|null|0x0800|61.216.153.106|192.168.1.248|17|123|43179|0|1b|dc85d7508cf08461|1b,,
null|null|0x0800|192.168.1.248|103.226.213.30|17|59805|123|0|1b|dc7def3119380453|1b,,
null|null|0x0800|192.168.1.248|103.76.40.155|17|34373|123|0|1b|dc8485c9544ed6fd|1b,,
null|null|0x0800|115.187.159.2|192.168.1.248|17|123|45377|0|1b|dc83e011d1dbb9cf|1b,,
null|null|0x0800|129.250.35.251|192.168.1.248|17|123|42618|0|1b|dc8481d00127a205|1b,,
null|null|0x0800|203.213.88.59|192.168.1.248|17|123|50867|0|1b|dc80e8aa1aefa1e3|1b,,
null|null|0x0800|192.168.1.248|203.213.88.59|17|53858|123|0|1b|dc7d910a5f6ff3ad|1b,,
null|null|0x0800|192.168.1.248|50.18.44.198|17|43179|123|0|1b|dc85d74b49f8f473|1b,,
null|null|0x0800|192.168.1.248|129.250.35.251|17|43257|123|0|1b|dc84da2999654d61|1b,,
null|null|0x0800|216.218.220.101|192.168.1.248|17|123|41220|0|1b|dc7d8b9244d48882|1b,,
null|null|0x0800|192.168.1.248|13.55.50.68|17|42390|123|0|1b|dc813d0b3bccc037|1b,,
null|null|0x0800|216.229.0.50|192.168.1.248|17|123|59544|0|1b|dc868017ed3faf42|1b,,
null|null|0x0800|192.168.1.248|185.23.154.26|17|41220|123|0|1b|dc7d8b97d71f8a09|1b,,
null|null|0x0800|192.168.1.248|129.250.35.251|17|52763|123|0|1b|dc84347754edd484|1b,,
null|null|0x0800|54.252.165.245|192.168.1.248|17|123|35833|0|1b|dc7de56aefbfb58d|1b,,
null|null|0x0800|192.168.1.248|129.250.35.251|17|55313|123|0|1b|dc7d48a5ba778140|1b,,
null|null|0x0800|203.213.88.59|192.168.1.248|17|123|43312|0|1b|dc86d478a91a1123|1b,,
null|null|0x0800|192.168.1.248|46.19.96.19|17|45118|123|0|1b|dc862bb70cda6e75|1b,,
null|null|0x0800|62.201.225.9|192.168.1.248|17|123|40505|0|1b|dc88648706a7589e|1b,,
null|null|0x0800|192.168.1.248|203.122.222.149|17|59805|123|0|1b|dc7def2bad805e5f|1b,,
null|null|0x0800|192.168.1.248|198.206.133.14|17|47742|123|0|1b|dc7d8cfc3fedfa43|1b,,
null|null|0x0800|192.168.1.248|74.123.29.4|17|39982|123|0|1b|dc7e43d22770ef56|1b,,
null|null|0x0800|192.168.1.248|173.203.211.73|17|38961|123|0|1b|dc7d8f5f108b2207|1b,,
null|null|0x0800|192.168.1.248|14.202.204.182|17|42946|123|0|1b|dc8582ead8ec636b|1b,,
null|null|0x0800|129.250.35.251|192.168.1.248|17|123|38399|0|1b|dc8825fc3097e996|1b,,
null|null|0x0800|27.124.125.250|192.168.1.248|17|123|49551|0|1b|dc7cf4439300ffda|1b,,
null|null|0x0800|192.168.1.248|192.189.54.17|17|58893|123|0|1b|dc838bb11567fd3f|1b,,
null|null|0x0800|192.168.1.248|129.250.35.251|17|43540|123|0|1b|dc8728d970c0ad03|1b,,
null|null|0x0800|192.168.1.248|66.79.136.240|17|48053|123|0|1b|dc87d19b2999029a|1b,,
null|null|0x0800|192.168.1.248|208.38.213.148|17|35754|123|0|1b|dc8094494a1cac08|1b,,
null|null|0x0800|27.124.125.252|192.168.1.248|17|123|60163|0|1b|dc7d90283519ce07|1b,,
null|null|0x0800|130.95.13.1|192.168.1.248|17|123|33447|0|1b|dc7d86723dc15097|1b,,
null|null|0x0800|45.33.84.208|192.168.1.248|17|123|53700|0|1b|dc7e9832b66266fd|1b,,
null|null|0x0800|192.168.1.248|12.71.198.242|17|47649|123|0|1b|dc7f95597c5857af|1b,,
null|null|0x0800|192.168.1.248|199.102.46.78|17|55401|123|0|1b|dc7feb883a220bc3|1b,,
null|null|0x0800|192.168.1.248|97.107.128.58|17|46652|123|0|1b|dc877d3a26514c22|1b,,
null|null|0x0800|192.168.1.248|129.250.35.251|17|53150|123|0|1b|dc7f40f8f5b5fa22|1b,,
null|null|0x0800|192.168.1.248|199.102.46.75|17|32930|123|0|1b|dc7eec9850fa26a2|1b,,
null|null|0x0800|192.168.1.248|192.189.54.33|17|60603|123|0|1b|dc81916c45c7abfb|1b,,
null|null|0x0800|54.252.129.186|192.168.1.248|17|123|41358|0|1b|dc7d8b4113f4fd6d|1b,,
null|null|0x0800|66.228.59.187|192.168.1.248|17|123|35858|0|1b|dc852e8a0708ede5|1b,,
null|null|0x0800|61.216.153.104|192.168.1.248|17|123|52490|0|1b|dc7d8bfb65781c71|1b,,
null|null|0x0800|192.168.1.248|46.19.96.19|17|54932|123|0|1b|dc7d8c802cfecdd0|1b,,
null|null|0x0800|192.168.1.248|129.250.35.250|17|40063|123|0|1b|dc81e5cd1a4894c4|1b,,
null|null|0x0800|192.168.1.248|198.60.22.240|17|58895|123|0|1b|dc803fe8b90ba626|1b,,
null|null|0x0800|216.6.2.70|192.168.1.248|17|123|54326|0|1b|dc911ed8586a6e32|1b,,
null|null|0x0800|192.168.1.248|220.233.156.30|17|34492|123|0|1b|dc8bc90f6d50dae3|1b,,
null|null|0x0800|192.168.1.248|72.14.183.239|17|47075|123|0|1b|dc8c817e1baf965b|1b,,
null|null|0x0800|202.60.94.11|192.168.1.248|17|123|55485|0|1b|dc8925f8bcd8127b|1b,,
null|null|0x0800|192.189.54.33|192.168.1.248|17|123|58713|0|1b|dc8cd5deed0ea9e6|1b,,
null|null|0x0800|192.168.1.248|129.250.35.251|17|50742|123|0|1b|dc8c2d1d66846a5d|1b,,
null|null|0x0800|61.216.153.104|192.168.1.248|17|123|48961|0|1b|dc8fcd50ad757d5a|1b,,
null|null|0x0800|129.250.35.251|192.168.1.248|17|123|44487|0|1b|dc90ca77a3add15f|1b,,
null|null|0x0800|192.168.1.248|13.55.50.68|17|57387|123|0|1b|dc8e27665f08feac|1b,,
null|null|0x0800|204.2.134.164|192.168.1.248|17|123|56836|0|1b|dc88b8e90cd85597|1b,,
null|null|0x0800|27.124.125.251|192.168.1.248|17|123|51130|0|1b|dc8e7bc703d20f2b|1b,,
null|null|0x0800|192.168.1.248|129.250.35.251|17|43637|123|0|1b|dc8ed027a9a6f826|1b,,
null|null|0x0800|192.168.1.248|27.114.150.12|17|35516|123|0|1b|dc8f248ddb532e7b|1b,,
null|null|0x0800|192.168.1.248|130.95.13.1|17|57093|123|0|1b|dc8bd8bcbea48733|1b,,
null|null|0x0800|192.168.1.248|203.23.237.200|17|44580|123|0|1b|dc907616ff3f9618|1b,,
null|null|0x0800|192.168.1.248|27.124.125.250|17|55677|123|0|1b|dc8dd3059dd8f92a|1b,,
null|null|0x0800|61.216.153.104|192.168.1.248|17|123|38558|0|1b|dc8f78ef2fba450a|1b,,
null|null|0x0800|208.75.88.4|192.168.1.248|17|123|46110|0|1b|dc92c2ebfbefae79|1b,,
null|null|0x0800|192.168.1.248|203.7.149.150|17|34696|123|0|1b|dc8d7ea4e1c8754f|1b,,
null|null|0x0800|192.168.1.248|4.53.160.75|17|45180|123|0|1b|dc91733964db9c73|1b,,
null|null|0x0800|220.233.156.30|192.168.1.248|17|123|55939|0|1b|dc926e8b62ee5258|1b,,
null|null|0x0800|206.71.252.18|192.168.1.248|17|123|33484|0|1b|dc91c79a3d09aed5|1b,,
null|null|0x0800|211.233.40.78|192.168.1.248|17|123|44727|0|1b|dc897a5eb444ae85|1b,,
null|null|0x0800|192.168.1.248|27.124.125.250|17|46456|123|0|1b|dc9021b18d540032|1b,,
null|null|0x0800|192.168.1.248|203.122.222.149|17|41657|123|0|1b|dc8d2a3f6e2b7bae|1b,,
null|null|0x0800|192.168.1.248|121.0.0.41|17|45543|123|0|1b|dc89cebf980d5e8d|1b,,
null|null|0x0800|192.168.1.248|61.216.153.106|17|60803|123|0|1b|dc99061f90b09e98|1b,,
null|null|0x0800|192.168.1.248|97.107.128.58|17|38929|123|0|1b|dc976035aac61522|1b,,
null|null|0x0800|192.168.1.248|203.114.73.24|17|56992|123|0|1b|dc97b496986db50f|1b,,
null|null|0x0800|202.60.94.11|192.168.1.248|17|123|59163|0|1b|dc970bd538b8ae31|1b,,
null|null|0x0800|203.213.88.59|192.168.1.248|17|123|44394|0|1b|dc99aee5adc25d07|1b,,
null|null|0x0800|192.168.1.248|203.114.73.24|17|58297|123|0|1b|dc9468cffcea1837|1b,,
null|null|0x0800|203.213.88.59|192.168.1.248|17|123|38308|0|1b|dc93c00e5c845132|1b,,
null|null|0x0800|192.168.1.248|54.252.129.186|17|44597|123|0|1b|dc936bad89b04684|1b,,
null|null|0x0800|192.168.1.248|203.23.237.200|17|33955|123|0|1b|dc94146f5e6362a5|1b,,
null|null|0x0800|192.168.1.248|103.51.68.133|17|39819|123|0|1b|dc96b77492d35222|1b,,
null|null|0x0800|220.233.156.30|192.168.1.248|17|123|51039|0|1b|dc985d57e44ad794|1b,,
null|null|0x0800|192.168.1.248|104.131.53.252|17|34083|123|0|1b|dc93174cb406af46|1b,,
null|null|0x0800|59.167.252.133|192.168.1.248|17|123|51378|0|1b|dc9663140df2239e|1b,,
null|null|0x0800|192.189.54.33|192.168.1.248|17|123|56058|0|1b|dc94bd3085ac471b|1b,,
null|null|0x0800|59.167.170.228|192.168.1.248|17|123|59300|0|1b|dc95ba52776f08cc|1b,,
null|null|0x0800|103.51.68.133|192.168.1.248|17|123|51356|0|1b|dc95119123e89a88|1b,,
null|null|0x0800|204.2.134.164|192.168.1.248|17|123|50263|0|1b|dc9565f1aae0d23d|1b,,
null|null|0x0800|110.141.196.84|192.168.1.248|17|123|46925|0|1b|dc995a8524605681|1b,,
null|null|0x0800|192.168.1.248|114.34.54.125|17|47692|123|0|1b|dc98b1be42858793|1b,,
null|null|0x0800|212.26.18.41|192.168.1.248|17|123|51039|0|1b|dc985d5d4df17bd8|1b,,
null|null|0x0800|203.23.237.200|192.168.1.248|17|123|53750|0|1b|dc9808f722eac860|1b,,
null|null|0x0800|192.168.1.248|121.0.0.42|17|49248|123|0|1b|dc960eb35c66a11e|1b,,
