srcMac| dstMac| ethType| srcIp| dstIp| ipProto| srcPort| dstPort|client-hello-extensions|client-hello-cipher-suites|client-hello-version,,
null|null|0x0800|54.153.91.148|192.168.1.249|6|443|50725|000b000403000102000a00340032000e000d0019000b000c00180009000a00160017000800060007001400150004000500120013000100020003000f0010001100230000000f000101|c014c00ac022c0210039003800880087c019c020c00fc00500350084c012c008c01cc01b00160013c017c01ac00dc003000ac013c009c01fc01e00330032009a009900450044c018c01dc00ec004002f00960041c011c007c016c00cc002000500ff|0301,,
null|null|0x0800|54.153.91.148|192.168.1.249|6|443|60880|000b000403000102000a00340032000e000d0019000b000c00180009000a00160017000800060007001400150004000500120013000100020003000f0010001100230000000f000101|c014c00ac022c0210039003800880087c019c020c00fc00500350084c012c008c01cc01b00160013c017c01ac00dc003000ac013c009c01fc01e00330032009a009900450044c018c01dc00ec004002f00960041c011c007c016c00cc002000500ff|0301,,
null|null|0x0800|52.9.90.31|192.168.1.248|6|443|50018|000b000403000102000a00340032000e000d0019000b000c00180009000a00160017000800060007001400150004000500120013000100020003000f0010001100230000000f000101|c014c00ac022c0210039003800880087c019c020c00fc00500350084c012c008c01cc01b00160013c017c01ac00dc003000ac013c009c01fc01e00330032009a009900450044c018c01dc00ec004002f00960041c011c007c016c00cc002000500ff|0301,,
null|null|0x0800|52.9.90.31|192.168.1.248|6|443|50022|000b000403000102000a00340032000e000d0019000b000c00180009000a00160017000800060007001400150004000500120013000100020003000f0010001100230000000f000101|c014c00ac022c0210039003800880087c019c020c00fc00500350084c012c008c01cc01b00160013c017c01ac00dc003000ac013c009c01fc01e00330032009a009900450044c018c01dc00ec004002f00960041c011c007c016c00cc002000500ff|0301,,
null|null|0x0800|52.9.90.31|192.168.1.248|6|443|50859|000b000403000102000a00340032000e000d0019000b000c00180009000a00160017000800060007001400150004000500120013000100020003000f0010001100230000000f000101|c014c00ac022c0210039003800880087c019c020c00fc00500350084c012c008c01cc01b00160013c017c01ac00dc003000ac013c009c01fc01e00330032009a009900450044c018c01dc00ec004002f00960041c011c007c016c00cc002000500ff|0301,,
null|null|0x0800|52.9.90.31|192.168.1.248|6|443|50855|000b000403000102000a00340032000e000d0019000b000c00180009000a00160017000800060007001400150004000500120013000100020003000f0010001100230000000f000101|c014c00ac022c0210039003800880087c019c020c00fc00500350084c012c008c01cc01b00160013c017c01ac00dc003000ac013c009c01fc01e00330032009a009900450044c018c01dc00ec004002f00960041c011c007c016c00cc002000500ff|0301,,
null|null|0x0800|192.168.1.248|54.153.91.148|6|51344|443|000b000403000102000a00340032000e000d0019000b000c00180009000a00160017000800060007001400150004000500120013000100020003000f0010001100230000000f000101|c014c00ac022c0210039003800880087c019c020c00fc00500350084c012c008c01cc01b00160013c017c01ac00dc003000ac013c009c01fc01e00330032009a009900450044c018c01dc00ec004002f00960041c011c007c016c00cc002000500ff|0301,,
null|null|0x0800|52.9.90.31|192.168.1.248|6|443|50795|000b000403000102000a00340032000e000d0019000b000c00180009000a00160017000800060007001400150004000500120013000100020003000f0010001100230000000f000101|c014c00ac022c0210039003800880087c019c020c00fc00500350084c012c008c01cc01b00160013c017c01ac00dc003000ac013c009c01fc01e00330032009a009900450044c018c01dc00ec004002f00960041c011c007c016c00cc002000500ff|0301,,
null|null|0x0800|52.9.90.31|192.168.1.248|6|443|50748|000b000403000102000a00340032000e000d0019000b000c00180009000a00160017000800060007001400150004000500120013000100020003000f0010001100230000000f000101|c014c00ac022c0210039003800880087c019c020c00fc00500350084c012c008c01cc01b00160013c017c01ac00dc003000ac013c009c01fc01e00330032009a009900450044c018c01dc00ec004002f00960041c011c007c016c00cc002000500ff|0301,,
null|null|0x0800|192.168.1.248|54.183.137.101|6|48519|443|000b000403000102000a00340032000e000d0019000b000c00180009000a00160017000800060007001400150004000500120013000100020003000f0010001100230000000f000101|c014c00ac022c0210039003800880087c019c020c00fc00500350084c012c008c01cc01b00160013c017c01ac00dc003000ac013c009c01fc01e00330032009a009900450044c018c01dc00ec004002f00960041c011c007c016c00cc002000500ff|0301,,
null|null|0x0800|192.168.1.248|54.153.91.148|6|52293|443|000b000403000102000a00340032000e000d0019000b000c00180009000a00160017000800060007001400150004000500120013000100020003000f0010001100230000000f000101|c014c00ac022c0210039003800880087c019c020c00fc00500350084c012c008c01cc01b00160013c017c01ac00dc003000ac013c009c01fc01e00330032009a009900450044c018c01dc00ec004002f00960041c011c007c016c00cc002000500ff|0301,,
null|null|0x0800|192.168.1.248|52.9.74.95|6|40268|443|000b000403000102000a00340032000e000d0019000b000c00180009000a00160017000800060007001400150004000500120013000100020003000f0010001100230000000f000101|c014c00ac022c0210039003800880087c019c020c00fc00500350084c012c008c01cc01b00160013c017c01ac00dc003000ac013c009c01fc01e00330032009a009900450044c018c01dc00ec004002f00960041c011c007c016c00cc002000500ff|0301,,
null|null|0x0800|192.168.1.248|52.9.74.95|6|40252|443|000b000403000102000a00340032000e000d0019000b000c00180009000a00160017000800060007001400150004000500120013000100020003000f0010001100230000000f000101|c014c00ac022c0210039003800880087c019c020c00fc00500350084c012c008c01cc01b00160013c017c01ac00dc003000ac013c009c01fc01e00330032009a009900450044c018c01dc00ec004002f00960041c011c007c016c00cc002000500ff|0301,,
null|null|0x0800|54.215.161.165|192.168.1.248|6|443|52261|000b000403000102000a00340032000e000d0019000b000c00180009000a00160017000800060007001400150004000500120013000100020003000f0010001100230000000f000101|c014c00ac022c0210039003800880087c019c020c00fc00500350084c012c008c01cc01b00160013c017c01ac00dc003000ac013c009c01fc01e00330032009a009900450044c018c01dc00ec004002f00960041c011c007c016c00cc002000500ff|0301,,
null|null|0x0800|54.215.161.165|192.168.1.248|6|443|52279|000b000403000102000a00340032000e000d0019000b000c00180009000a00160017000800060007001400150004000500120013000100020003000f0010001100230000000f000101|c014c00ac022c0210039003800880087c019c020c00fc00500350084c012c008c01cc01b00160013c017c01ac00dc003000ac013c009c01fc01e00330032009a009900450044c018c01dc00ec004002f00960041c011c007c016c00cc002000500ff|0301,,
null|null|0x0800|192.168.1.248|52.9.74.95|6|40257|443|000b000403000102000a00340032000e000d0019000b000c00180009000a00160017000800060007001400150004000500120013000100020003000f0010001100230000000f000101|c014c00ac022c0210039003800880087c019c020c00fc00500350084c012c008c01cc01b00160013c017c01ac00dc003000ac013c009c01fc01e00330032009a009900450044c018c01dc00ec004002f00960041c011c007c016c00cc002000500ff|0301,,
null|null|0x0800|54.215.161.165|192.168.1.248|6|443|52270|000b000403000102000a00340032000e000d0019000b000c00180009000a00160017000800060007001400150004000500120013000100020003000f0010001100230000000f000101|c014c00ac022c0210039003800880087c019c020c00fc00500350084c012c008c01cc01b00160013c017c01ac00dc003000ac013c009c01fc01e00330032009a009900450044c018c01dc00ec004002f00960041c011c007c016c00cc002000500ff|0301,,
null|null|0x0800|54.215.161.165|192.168.1.248|6|443|52284|000b000403000102000a00340032000e000d0019000b000c00180009000a00160017000800060007001400150004000500120013000100020003000f0010001100230000000f000101|c014c00ac022c0210039003800880087c019c020c00fc00500350084c012c008c01cc01b00160013c017c01ac00dc003000ac013c009c01fc01e00330032009a009900450044c018c01dc00ec004002f00960041c011c007c016c00cc002000500ff|0301,,
null|null|0x0800|192.168.1.248|52.9.74.95|6|40259|443|000b000403000102000a00340032000e000d0019000b000c00180009000a00160017000800060007001400150004000500120013000100020003000f0010001100230000000f000101|c014c00ac022c0210039003800880087c019c020c00fc00500350084c012c008c01cc01b00160013c017c01ac00dc003000ac013c009c01fc01e00330032009a009900450044c018c01dc00ec004002f00960041c011c007c016c00cc002000500ff|0301,,
null|null|0x0800|52.9.74.95|192.168.1.248|6|443|40270|000b000403000102000a00340032000e000d0019000b000c00180009000a00160017000800060007001400150004000500120013000100020003000f0010001100230000000f000101|c014c00ac022c0210039003800880087c019c020c00fc00500350084c012c008c01cc01b00160013c017c01ac00dc003000ac013c009c01fc01e00330032009a009900450044c018c01dc00ec004002f00960041c011c007c016c00cc002000500ff|0301,,
null|null|0x0800|192.168.1.248|52.9.74.95|6|40248|443|000b000403000102000a00340032000e000d0019000b000c00180009000a00160017000800060007001400150004000500120013000100020003000f0010001100230000000f000101|c014c00ac022c0210039003800880087c019c020c00fc00500350084c012c008c01cc01b00160013c017c01ac00dc003000ac013c009c01fc01e00330032009a009900450044c018c01dc00ec004002f00960041c011c007c016c00cc002000500ff|0301,,
null|null|0x0800|54.193.22.154|192.168.1.248|6|443|50940|000b000403000102000a00340032000e000d0019000b000c00180009000a00160017000800060007001400150004000500120013000100020003000f0010001100230000000f000101|c014c00ac022c0210039003800880087c019c020c00fc00500350084c012c008c01cc01b00160013c017c01ac00dc003000ac013c009c01fc01e00330032009a009900450044c018c01dc00ec004002f00960041c011c007c016c00cc002000500ff|0301,,
null|null|0x0800|192.168.1.248|52.9.91.42|6|38321|443|000b000403000102000a00340032000e000d0019000b000c00180009000a00160017000800060007001400150004000500120013000100020003000f0010001100230000000f000101|c014c00ac022c0210039003800880087c019c020c00fc00500350084c012c008c01cc01b00160013c017c01ac00dc003000ac013c009c01fc01e00330032009a009900450044c018c01dc00ec004002f00960041c011c007c016c00cc002000500ff|0301,,
null|null|0x0800|192.168.1.248|54.215.161.165|6|52296|443|000b000403000102000a00340032000e000d0019000b000c00180009000a00160017000800060007001400150004000500120013000100020003000f0010001100230000000f000101|c014c00ac022c0210039003800880087c019c020c00fc00500350084c012c008c01cc01b00160013c017c01ac00dc003000ac013c009c01fc01e00330032009a009900450044c018c01dc00ec004002f00960041c011c007c016c00cc002000500ff|0301,,
null|null|0x0800|54.153.101.120|192.168.1.248|6|443|32942|000b000403000102000a00340032000e000d0019000b000c00180009000a00160017000800060007001400150004000500120013000100020003000f0010001100230000000f000101|c014c00ac022c0210039003800880087c019c020c00fc00500350084c012c008c01cc01b00160013c017c01ac00dc003000ac013c009c01fc01e00330032009a009900450044c018c01dc00ec004002f00960041c011c007c016c00cc002000500ff|0301,,
null|null|0x0800|192.168.1.248|54.153.101.120|6|32889|443|000b000403000102000a00340032000e000d0019000b000c00180009000a00160017000800060007001400150004000500120013000100020003000f0010001100230000000f000101|c014c00ac022c0210039003800880087c019c020c00fc00500350084c012c008c01cc01b00160013c017c01ac00dc003000ac013c009c01fc01e00330032009a009900450044c018c01dc00ec004002f00960041c011c007c016c00cc002000500ff|0301,,
null|null|0x0800|192.168.1.248|54.241.178.65|6|58004|443|000b000403000102000a00340032000e000d0019000b000c00180009000a00160017000800060007001400150004000500120013000100020003000f0010001100230000000f000101|c014c00ac022c0210039003800880087c019c020c00fc00500350084c012c008c01cc01b00160013c017c01ac00dc003000ac013c009c01fc01e00330032009a009900450044c018c01dc00ec004002f00960041c011c007c016c00cc002000500ff|0301,,
null|null|0x0800|192.168.1.248|52.9.91.42|6|38288|443|000b000403000102000a00340032000e000d0019000b000c00180009000a00160017000800060007001400150004000500120013000100020003000f0010001100230000000f000101|c014c00ac022c0210039003800880087c019c020c00fc00500350084c012c008c01cc01b00160013c017c01ac00dc003000ac013c009c01fc01e00330032009a009900450044c018c01dc00ec004002f00960041c011c007c016c00cc002000500ff|0301,,
null|null|0x0800|192.168.1.248|52.9.91.42|6|38252|443|000b000403000102000a00340032000e000d0019000b000c00180009000a00160017000800060007001400150004000500120013000100020003000f0010001100230000000f000101|c014c00ac022c0210039003800880087c019c020c00fc00500350084c012c008c01cc01b00160013c017c01ac00dc003000ac013c009c01fc01e00330032009a009900450044c018c01dc00ec004002f00960041c011c007c016c00cc002000500ff|0301,,
null|null|0x0800|192.168.1.248|52.9.91.42|6|39650|443|000b000403000102000a00340032000e000d0019000b000c00180009000a00160017000800060007001400150004000500120013000100020003000f0010001100230000000f000101|c014c00ac022c0210039003800880087c019c020c00fc00500350084c012c008c01cc01b00160013c017c01ac00dc003000ac013c009c01fc01e00330032009a009900450044c018c01dc00ec004002f00960041c011c007c016c00cc002000500ff|0301,,
null|null|0x0800|54.219.145.118|192.168.1.249|6|443|35152|000b000403000102000a00340032000e000d0019000b000c00180009000a00160017000800060007001400150004000500120013000100020003000f0010001100230000000f000101|c014c00ac022c0210039003800880087c019c020c00fc00500350084c012c008c01cc01b00160013c017c01ac00dc003000ac013c009c01fc01e00330032009a009900450044c018c01dc00ec004002f00960041c011c007c016c00cc002000500ff|0301,,
null|null|0x0800|52.9.91.42|192.168.1.248|6|443|48350|000b000403000102000a00340032000e000d0019000b000c00180009000a00160017000800060007001400150004000500120013000100020003000f0010001100230000000f000101|c014c00ac022c0210039003800880087c019c020c00fc00500350084c012c008c01cc01b00160013c017c01ac00dc003000ac013c009c01fc01e00330032009a009900450044c018c01dc00ec004002f00960041c011c007c016c00cc002000500ff|0301,,
null|null|0x0800|192.168.1.249|54.219.139.170|6|36833|443|000b000403000102000a00340032000e000d0019000b000c00180009000a00160017000800060007001400150004000500120013000100020003000f0010001100230000000f000101|c014c00ac022c0210039003800880087c019c020c00fc00500350084c012c008c01cc01b00160013c017c01ac00dc003000ac013c009c01fc01e00330032009a009900450044c018c01dc00ec004002f00960041c011c007c016c00cc002000500ff|0301,,
null|null|0x0800|192.168.1.248|52.199.103.202|6|43835|443|000b000403000102000a00340032000e000d0019000b000c00180009000a00160017000800060007001400150004000500120013000100020003000f0010001100230000000f000101|c014c00ac022c0210039003800880087c019c020c00fc00500350084c012c008c01cc01b00160013c017c01ac00dc003000ac013c009c01fc01e00330032009a009900450044c018c01dc00ec004002f00960041c011c007c016c00cc002000500ff|0301,,
null|null|0x0800|54.249.19.55|192.168.1.248|6|443|38736|000b000403000102000a00340032000e000d0019000b000c00180009000a00160017000800060007001400150004000500120013000100020003000f0010001100230000000f000101|c014c00ac022c0210039003800880087c019c020c00fc00500350084c012c008c01cc01b00160013c017c01ac00dc003000ac013c009c01fc01e00330032009a009900450044c018c01dc00ec004002f00960041c011c007c016c00cc002000500ff|0301,,
null|null|0x0800|54.249.19.55|192.168.1.248|6|443|38704|000b000403000102000a00340032000e000d0019000b000c00180009000a00160017000800060007001400150004000500120013000100020003000f0010001100230000000f000101|c014c00ac022c0210039003800880087c019c020c00fc00500350084c012c008c01cc01b00160013c017c01ac00dc003000ac013c009c01fc01e00330032009a009900450044c018c01dc00ec004002f00960041c011c007c016c00cc002000500ff|0301,,
null|null|0x0800|52.197.54.137|192.168.1.248|6|443|40610|000b000403000102000a00340032000e000d0019000b000c00180009000a00160017000800060007001400150004000500120013000100020003000f0010001100230000000f000101|c014c00ac022c0210039003800880087c019c020c00fc00500350084c012c008c01cc01b00160013c017c01ac00dc003000ac013c009c01fc01e00330032009a009900450044c018c01dc00ec004002f00960041c011c007c016c00cc002000500ff|0301,,
null|null|0x0800|192.168.1.248|52.199.103.202|6|38917|443|000b000403000102000a00340032000e000d0019000b000c00180009000a00160017000800060007001400150004000500120013000100020003000f0010001100230000000f000101|c014c00ac022c0210039003800880087c019c020c00fc00500350084c012c008c01cc01b00160013c017c01ac00dc003000ac013c009c01fc01e00330032009a009900450044c018c01dc00ec004002f00960041c011c007c016c00cc002000500ff|0301,,
null|null|0x0800|192.168.1.248|52.197.54.137|6|40732|443|000b000403000102000a00340032000e000d0019000b000c00180009000a00160017000800060007001400150004000500120013000100020003000f0010001100230000000f000101|c014c00ac022c0210039003800880087c019c020c00fc00500350084c012c008c01cc01b00160013c017c01ac00dc003000ac013c009c01fc01e00330032009a009900450044c018c01dc00ec004002f00960041c011c007c016c00cc002000500ff|0301,,
null|null|0x0800|192.168.1.248|52.197.54.137|6|40744|443|000b000403000102000a00340032000e000d0019000b000c00180009000a00160017000800060007001400150004000500120013000100020003000f0010001100230000000f000101|c014c00ac022c0210039003800880087c019c020c00fc00500350084c012c008c01cc01b00160013c017c01ac00dc003000ac013c009c01fc01e00330032009a009900450044c018c01dc00ec004002f00960041c011c007c016c00cc002000500ff|0301,,
null|null|0x0800|52.199.103.202|192.168.1.248|6|443|38912|000b000403000102000a00340032000e000d0019000b000c00180009000a00160017000800060007001400150004000500120013000100020003000f0010001100230000000f000101|c014c00ac022c0210039003800880087c019c020c00fc00500350084c012c008c01cc01b00160013c017c01ac00dc003000ac013c009c01fc01e00330032009a009900450044c018c01dc00ec004002f00960041c011c007c016c00cc002000500ff|0301,,
null|null|0x0800|52.199.103.202|192.168.1.248|6|443|38908|000b000403000102000a00340032000e000d0019000b000c00180009000a00160017000800060007001400150004000500120013000100020003000f0010001100230000000f000101|c014c00ac022c0210039003800880087c019c020c00fc00500350084c012c008c01cc01b00160013c017c01ac00dc003000ac013c009c01fc01e00330032009a009900450044c018c01dc00ec004002f00960041c011c007c016c00cc002000500ff|0301,,
null|null|0x0800|192.168.1.248|52.197.54.137|6|40734|443|000b000403000102000a00340032000e000d0019000b000c00180009000a00160017000800060007001400150004000500120013000100020003000f0010001100230000000f000101|c014c00ac022c0210039003800880087c019c020c00fc00500350084c012c008c01cc01b00160013c017c01ac00dc003000ac013c009c01fc01e00330032009a009900450044c018c01dc00ec004002f00960041c011c007c016c00cc002000500ff|0301,,
null|null|0x0800|52.197.54.137|192.168.1.248|6|443|40764|000b000403000102000a00340032000e000d0019000b000c00180009000a00160017000800060007001400150004000500120013000100020003000f0010001100230000000f000101|c014c00ac022c0210039003800880087c019c020c00fc00500350084c012c008c01cc01b00160013c017c01ac00dc003000ac013c009c01fc01e00330032009a009900450044c018c01dc00ec004002f00960041c011c007c016c00cc002000500ff|0301,,
null|null|0x0800|52.197.54.137|192.168.1.248|6|443|40766|000b000403000102000a00340032000e000d0019000b000c00180009000a00160017000800060007001400150004000500120013000100020003000f0010001100230000000f000101|c014c00ac022c0210039003800880087c019c020c00fc00500350084c012c008c01cc01b00160013c017c01ac00dc003000ac013c009c01fc01e00330032009a009900450044c018c01dc00ec004002f00960041c011c007c016c00cc002000500ff|0301,,
null|null|0x0800|192.168.1.248|52.199.103.202|6|38898|443|000b000403000102000a00340032000e000d0019000b000c00180009000a00160017000800060007001400150004000500120013000100020003000f0010001100230000000f000101|c014c00ac022c0210039003800880087c019c020c00fc00500350084c012c008c01cc01b00160013c017c01ac00dc003000ac013c009c01fc01e00330032009a009900450044c018c01dc00ec004002f00960041c011c007c016c00cc002000500ff|0301,,
null|null|0x0800|52.199.103.202|192.168.1.248|6|443|38923|000b000403000102000a00340032000e000d0019000b000c00180009000a00160017000800060007001400150004000500120013000100020003000f0010001100230000000f000101|c014c00ac022c0210039003800880087c019c020c00fc00500350084c012c008c01cc01b00160013c017c01ac00dc003000ac013c009c01fc01e00330032009a009900450044c018c01dc00ec004002f00960041c011c007c016c00cc002000500ff|0301,,
null|null|0x0800|52.199.103.202|192.168.1.248|6|443|38919|000b000403000102000a00340032000e000d0019000b000c00180009000a00160017000800060007001400150004000500120013000100020003000f0010001100230000000f000101|c014c00ac022c0210039003800880087c019c020c00fc00500350084c012c008c01cc01b00160013c017c01ac00dc003000ac013c009c01fc01e00330032009a009900450044c018c01dc00ec004002f00960041c011c007c016c00cc002000500ff|0301,,
null|null|0x0800|52.197.54.137|192.168.1.248|6|443|40759|000b000403000102000a00340032000e000d0019000b000c00180009000a00160017000800060007001400150004000500120013000100020003000f0010001100230000000f000101|c014c00ac022c0210039003800880087c019c020c00fc00500350084c012c008c01cc01b00160013c017c01ac00dc003000ac013c009c01fc01e00330032009a009900450044c018c01dc00ec004002f00960041c011c007c016c00cc002000500ff|0301,,
null|null|0x0800|192.168.1.248|52.197.54.137|6|40740|443|000b000403000102000a00340032000e000d0019000b000c00180009000a00160017000800060007001400150004000500120013000100020003000f0010001100230000000f000101|c014c00ac022c0210039003800880087c019c020c00fc00500350084c012c008c01cc01b00160013c017c01ac00dc003000ac013c009c01fc01e00330032009a009900450044c018c01dc00ec004002f00960041c011c007c016c00cc002000500ff|0301,,
null|null|0x0800|192.168.1.248|52.197.54.137|6|40742|443|000b000403000102000a00340032000e000d0019000b000c00180009000a00160017000800060007001400150004000500120013000100020003000f0010001100230000000f000101|c014c00ac022c0210039003800880087c019c020c00fc00500350084c012c008c01cc01b00160013c017c01ac00dc003000ac013c009c01fc01e00330032009a009900450044c018c01dc00ec004002f00960041c011c007c016c00cc002000500ff|0301,,
null|null|0x0800|192.168.1.248|52.197.54.137|6|40730|443|000b000403000102000a00340032000e000d0019000b000c00180009000a00160017000800060007001400150004000500120013000100020003000f0010001100230000000f000101|c014c00ac022c0210039003800880087c019c020c00fc00500350084c012c008c01cc01b00160013c017c01ac00dc003000ac013c009c01fc01e00330032009a009900450044c018c01dc00ec004002f00960041c011c007c016c00cc002000500ff|0301,,
null|null|0x0800|192.168.1.248|52.199.103.202|6|38890|443|000b000403000102000a00340032000e000d0019000b000c00180009000a00160017000800060007001400150004000500120013000100020003000f0010001100230000000f000101|c014c00ac022c0210039003800880087c019c020c00fc00500350084c012c008c01cc01b00160013c017c01ac00dc003000ac013c009c01fc01e00330032009a009900450044c018c01dc00ec004002f00960041c011c007c016c00cc002000500ff|0301,,
null|null|0x0800|52.197.54.137|192.168.1.248|6|443|40748|000b000403000102000a00340032000e000d0019000b000c00180009000a00160017000800060007001400150004000500120013000100020003000f0010001100230000000f000101|c014c00ac022c0210039003800880087c019c020c00fc00500350084c012c008c01cc01b00160013c017c01ac00dc003000ac013c009c01fc01e00330032009a009900450044c018c01dc00ec004002f00960041c011c007c016c00cc002000500ff|0301,,
null|null|0x0800|52.197.54.137|192.168.1.248|6|443|40738|000b000403000102000a00340032000e000d0019000b000c00180009000a00160017000800060007001400150004000500120013000100020003000f0010001100230000000f000101|c014c00ac022c0210039003800880087c019c020c00fc00500350084c012c008c01cc01b00160013c017c01ac00dc003000ac013c009c01fc01e00330032009a009900450044c018c01dc00ec004002f00960041c011c007c016c00cc002000500ff|0301,,
null|null|0x0800|52.197.54.137|192.168.1.248|6|443|40778|000b000403000102000a00340032000e000d0019000b000c00180009000a00160017000800060007001400150004000500120013000100020003000f0010001100230000000f000101|c014c00ac022c0210039003800880087c019c020c00fc00500350084c012c008c01cc01b00160013c017c01ac00dc003000ac013c009c01fc01e00330032009a009900450044c018c01dc00ec004002f00960041c011c007c016c00cc002000500ff|0301,,
null|null|0x0800|52.199.103.202|192.168.1.248|6|443|38938|000b000403000102000a00340032000e000d0019000b000c00180009000a00160017000800060007001400150004000500120013000100020003000f0010001100230000000f000101|c014c00ac022c0210039003800880087c019c020c00fc00500350084c012c008c01cc01b00160013c017c01ac00dc003000ac013c009c01fc01e00330032009a009900450044c018c01dc00ec004002f00960041c011c007c016c00cc002000500ff|0301,,
null|null|0x0800|52.199.103.202|192.168.1.248|6|443|38935|000b000403000102000a00340032000e000d0019000b000c00180009000a00160017000800060007001400150004000500120013000100020003000f0010001100230000000f000101|c014c00ac022c0210039003800880087c019c020c00fc00500350084c012c008c01cc01b00160013c017c01ac00dc003000ac013c009c01fc01e00330032009a009900450044c018c01dc00ec004002f00960041c011c007c016c00cc002000500ff|0301,,
null|null|0x0800|52.199.103.202|192.168.1.248|6|443|38942|000b000403000102000a00340032000e000d0019000b000c00180009000a00160017000800060007001400150004000500120013000100020003000f0010001100230000000f000101|c014c00ac022c0210039003800880087c019c020c00fc00500350084c012c008c01cc01b00160013c017c01ac00dc003000ac013c009c01fc01e00330032009a009900450044c018c01dc00ec004002f00960041c011c007c016c00cc002000500ff|0301,,
null|null|0x0800|52.198.33.85|192.168.1.248|6|443|58573|000b000403000102000a00340032000e000d0019000b000c00180009000a00160017000800060007001400150004000500120013000100020003000f0010001100230000000f000101|c014c00ac022c0210039003800880087c019c020c00fc00500350084c012c008c01cc01b00160013c017c01ac00dc003000ac013c009c01fc01e00330032009a009900450044c018c01dc00ec004002f00960041c011c007c016c00cc002000500ff|0301,,
null|null|0x0800|54.178.138.130|192.168.1.248|6|443|54221|000b000403000102000a00340032000e000d0019000b000c00180009000a00160017000800060007001400150004000500120013000100020003000f0010001100230000000f000101|c014c00ac022c0210039003800880087c019c020c00fc00500350084c012c008c01cc01b00160013c017c01ac00dc003000ac013c009c01fc01e00330032009a009900450044c018c01dc00ec004002f00960041c011c007c016c00cc002000500ff|0301,,
null|null|0x0800|54.178.138.130|192.168.1.248|6|443|54195|000b000403000102000a00340032000e000d0019000b000c00180009000a00160017000800060007001400150004000500120013000100020003000f0010001100230000000f000101|c014c00ac022c0210039003800880087c019c020c00fc00500350084c012c008c01cc01b00160013c017c01ac00dc003000ac013c009c01fc01e00330032009a009900450044c018c01dc00ec004002f00960041c011c007c016c00cc002000500ff|0301,,
null|null|0x0800|54.178.138.130|192.168.1.248|6|443|54197|000b000403000102000a00340032000e000d0019000b000c00180009000a00160017000800060007001400150004000500120013000100020003000f0010001100230000000f000101|c014c00ac022c0210039003800880087c019c020c00fc00500350084c012c008c01cc01b00160013c017c01ac00dc003000ac013c009c01fc01e00330032009a009900450044c018c01dc00ec004002f00960041c011c007c016c00cc002000500ff|0301,,
null|null|0x0800|192.168.1.248|52.198.33.85|6|58587|443|000b000403000102000a00340032000e000d0019000b000c00180009000a00160017000800060007001400150004000500120013000100020003000f0010001100230000000f000101|c014c00ac022c0210039003800880087c019c020c00fc00500350084c012c008c01cc01b00160013c017c01ac00dc003000ac013c009c01fc01e00330032009a009900450044c018c01dc00ec004002f00960041c011c007c016c00cc002000500ff|0301,,
null|null|0x0800|52.197.54.137|192.168.1.248|6|443|40792|000b000403000102000a00340032000e000d0019000b000c00180009000a00160017000800060007001400150004000500120013000100020003000f0010001100230000000f000101|c014c00ac022c0210039003800880087c019c020c00fc00500350084c012c008c01cc01b00160013c017c01ac00dc003000ac013c009c01fc01e00330032009a009900450044c018c01dc00ec004002f00960041c011c007c016c00cc002000500ff|0301,,
