srcMac| dstMac| ethType| srcIp| dstIp| ipProto| srcPort| dstPort|origin timestamp|transmit timestamp|reference id|server version|server mode,,
null|null|0x0800|192.168.1.249|91.218.89.74|17|36779|123|dba219a8161b2a27|dba219a886c54c29|69f03821|1c|1c,,
null|null|0x0800|192.168.1.249|202.127.210.37|17|54935|123|dba2c26990384ba0|dba2c269cceeb50d|c0bd3621|1c|1c,,
null|null|0x0800|202.147.104.60|192.168.1.249|17|123|49218|db9b4450153a0c6b|db9b4450537c22d4|ca068376|1c|1c,,
null|null|0x0800|192.168.1.249|203.122.222.45|17|34523|123|db9a472e538aa001|db9a472e8fa1f2a8|4abd3a4e|1c|1c,,
null|null|0x0800|192.189.54.33|192.168.1.249|17|123|49864|db9cd38baf3e468c|db9cd38becd12000|825fb350|1c|1c,,
null|null|0x0800|192.168.1.249|198.60.22.240|17|45626|123|db999e67f599aa60|db999e68320f8064|584d4953|1c|1c,,
null|null|0x0800|129.6.15.28|192.168.1.249|17|123|48059|db9f222efdb25f63|db9f222f6517ac50|41435453|1c|1c,,
null|null|0x0800|110.21.101.199|192.168.1.249|17|123|44856|db9ecdce9cd64d7f|db9ecdcedc0a7366|50505300|1c|1c,,
null|null|0x0800|110.21.101.199|192.168.1.249|17|123|55892|dba01f56132f5558|dba01f564f41ec70|50505300|1c|1c,,
null|null|0x0800|130.102.128.23|192.168.1.249|17|123|55788|db9dd0ad6282517e|db9dd0ada3819068|40712005|1c|1c,,
null|null|0x0800|121.0.0.41|192.168.1.249|17|123|45061|db9e250dc6903643|db9e250e05a977ff|1b7c7dfb|1c|1c,,
null|null|0x0800|192.168.1.249|27.114.150.12|17|56892|123|db994a0714e1e710|db994a07a1d6601c|c1bee641|1c|1c,,
null|null|0x0800|192.168.1.249|203.100.61.10|17|50223|123|dba26e0923939a7c|dba26e0964f7ab66|50505300|1c|1c,,
null|null|0x0800|62.201.225.9|192.168.1.249|17|123|47507|db9c7f2afc332f01|db9c7f2b569dab4b|3ec9d6a2|1c|1c,,
null|null|0x0800|192.168.1.249|146.0.32.144|17|40789|123|db9d7c4c8fa1c25d|db9d7c4cf636895c|55d6f064|1c|1c,,
null|null|0x0800|192.168.1.249|41.73.42.10|17|43722|123|db9b98b08abf0132|db9b98b102428e92|c40a3439|1c|1c,,
null|null|0x0800|85.93.216.115|192.168.1.249|17|123|34381|db9f768fb45d52c1|db9f769011476b58|5ef2d082|1c|1c,,
null|null|0x0800|192.168.1.249|27.124.125.252|17|37586|123|db9c4171ce84be40|db9c417219279f9e|1b7c7dfa|1c|1c,,
null|null|0x0800|54.252.129.186|192.168.1.249|17|123|32849|dba1c542b2c32229|dba1c542f4c60684|ca068376|1c|1c,,
null|null|0x0800|192.168.1.249|103.38.120.36|17|52333|123|db9d27ec1de6cd29|db9d27ec5d64408f|dffc2009|1c|1c,,
null|null|0x0800|192.168.1.249|121.0.0.41|17|39750|123|db9aefefacbb7f9d|db9aefefe8f617ff|1b7c7dfb|1c|1c,,
null|null|0x0800|192.168.1.249|211.233.84.186|17|50093|123|dba0c81c04df15a4|dba0c81c626553ec|836b0d64|1c|1c,,
null|null|0x0800|192.168.1.249|202.127.210.37|17|40279|123|db98f5a115f59ccf|db98f5a157861964|c0bd3621|1c|1c,,
null|null|0x0800|192.168.1.249|129.250.35.251|17|41219|123|dba11c81bd25edd0|dba11c820ade6ce0|f9e063d5|1c|1c,,
null|null|0x0800|192.168.1.249|5.9.80.113|17|46897|123|dba316c9f7dd334c|dba316ca65cede73|c0356767|1c|1c,,
null|null|0x0800|192.168.1.249|78.46.37.9|17|35028|123|db9fcaf55ef4e011|db9fcaf5c484feb2|83bc03df|1c|1c,,
null|null|0x0800|192.168.1.249|213.175.93.20|17|57180|123|db9a9b8eb9c45458|db9a9b8f28cebef7|93e70206|1c|1c,,
null|null|0x0800|121.0.0.42|192.168.1.249|17|123|42284|db9e796e2826bb55|db9e796e6a60e7ff|c332ab65|1c|1c,,
null|null|0x0800|192.168.1.249|203.122.222.45|17|37919|123|dba073b672cacd18|dba073b6b1c02424|4abd3a4e|1c|1c,,
null|null|0x0800|202.127.210.36|192.168.1.249|17|123|38223|db9bed1167a50939|db9bed11a2b13dc0|67267824|1c|1c,,
null|null|0x0800|192.168.1.249|52.63.147.200|17|45927|123|db99f2cdee244630|db99f2ce2d37ecab|67ef0816|1c|1c,,
null|null|0x0800|211.233.84.186|192.168.1.249|17|123|45626|db999e6d5fb43d89|db999e6da83a7394|836b0d64|1c|1c,,
null|null|0x0800|192.168.1.249|54.252.165.245|17|44405|123|dba170e254eeae9e|dba170e29aa05052|ca15890a|1c|1c,,
null|null|0x0800|130.102.128.23|192.168.1.249|17|123|53887|dba4bcb71196a6a0|dba4bcb7510846ac|808a8c2c|1c|1c,,
null|null|0x0800|202.127.210.36|192.168.1.248|17|123|41260|dbae695c3ea64c2f|dbae695c7e8066c1|67267824|1c|1c,,
null|null|0x0800|130.102.128.23|192.168.1.249|17|123|47967|dbacc594b73a7978|dbacc594f9c233ee|40712005|1c|1c,,
null|null|0x0800|220.233.156.30|192.168.1.249|17|123|51631|dba6b6fa26cfd8f0|dba6b6fa650ecf97|50505300|1c|1c,,
null|null|0x0800|210.23.25.77|192.168.1.249|17|123|60247|dba80886ee8155d5|dba808873eb0a31f|47505300|24|24,,
null|null|0x0800|192.168.1.249|202.60.94.15|17|52236|123|dba7b4212f56eac8|dba7b42170d4ed4d|dffc2009|1c|1c,,
null|null|0x0800|192.189.54.17|192.168.1.249|17|123|33302|dbab0001a62c12ad|dbab0001e5e0d000|825fb350|1c|1c,,
null|null|0x0800|130.102.128.23|192.168.1.249|17|123|58701|dbad6e5ae197d49d|dbad6e5b1e7da33e|808a8c2c|1c|1c,,
null|null|0x0800|202.127.210.36|192.168.1.249|17|123|36899|dba70b5ff2ee5258|dba70b6030ef4046|67267824|1c|1c,,
null|null|0x0800|80.69.163.42|192.168.1.249|17|123|34894|dbaa574079aac53b|dbaa5740deca541a|c26402c2|1c|1c,,
null|null|0x0800|192.168.1.249|194.225.50.25|17|55160|123|dbaa02daaa2de870|dbaa02db1df9a098|056485dd|1c|1c,,
null|null|0x0800|192.168.1.249|121.0.0.42|17|53426|123|dba46856a777c02a|dba46856eaee0fff|b915653b|1c|1c,,
null|null|0x0800|85.119.80.232|192.168.1.249|17|123|59487|dba5b9d84fa7fc32|dba5b9d8ae6d785c|d32a032c|1c|1c,,
null|null|0x0800|192.168.1.249|45.76.107.191|17|51631|123|dba6b6ff486dd69d|dba6b6ffa51397ff|80040101|1c|1c,,
null|null|0x0800|192.168.1.249|103.38.120.36|17|43412|123|dbac71345404b7f5|dbac71349533c831|cb2353f2|1c|1c,,
null|null|0x0800|121.0.0.41|192.168.1.249|17|123|51783|dba75fc0662c98e5|dba75fc0ac2ec7ff|c0bd3611|1c|1c,,
null|null|0x0800|202.127.210.37|192.168.1.248|17|123|58810|dbaebdbca9bd2fa0|dbaebdbcf6eb9322|c0bd3621|1c|1c,,
null|null|0x0800|192.168.1.249|210.23.25.77|17|38600|123|dba36b34fe586013|dba36b3548845087|47505300|24|24,,
null|null|0x0800|192.33.96.102|192.168.1.249|17|123|44788|dbab741275ec0b56|dbab7412e04d1fed|50505300|1c|1c,,
null|null|0x0800|62.210.211.218|192.168.1.248|17|123|59467|dbaf667dbfeb074a|dbaf667e26cb157b|525fd73d|1c|1c,,
null|null|0x0800|77.245.18.26|192.168.1.249|17|123|36859|dba60e38f6a7264a|dba60e395ddd81b9|a2172938|1c|1c,,
null|null|0x0800|27.124.125.250|192.168.1.249|17|123|42410|dba95a1423291b82|dba95a1462547b24|6e1565c7|1c|1c,,
null|null|0x0800|192.168.1.249|27.124.125.250|17|39641|123|dba413f60dff2e48|dba413f668576207|6e1565c7|1c|1c,,
null|null|0x0800|192.168.1.249|103.245.79.2|17|48905|123|dba905b35054ef45|dba905b3c80509a2|d217194d|1c|1c,,
null|null|0x0800|54.252.161.68|192.168.1.249|17|123|55522|dbaaaba1387b890d|dbaaaba176409230|cb2353f2|1c|1c,,
null|null|0x0800|121.0.0.41|192.168.1.249|17|123|40801|dba51117738fabda|dba51117b3e29fff|c0bd3611|1c|1c,,
null|null|0x0800|202.147.104.60|192.168.1.249|17|123|40481|dbadc2bb46d9dfda|dbadc2bb86f88a20|dffc2009|1c|1c,,
null|null|0x0800|192.168.1.249|192.189.54.33|17|56683|123|dbab1fb22ead1d04|dbab1fb24aee9000|825fb350|1c|1c,,
null|null|0x0800|192.168.1.249|121.0.0.41|17|41998|123|dbabc87330dd1e53|dbabc8736fa6afff|1b7c7dfa|1c|1c,,
null|null|0x0800|192.168.1.249|138.201.135.108|17|53904|123|dbad19fa2b545c78|dbad19fa97204cb7|83bc03dd|1c|1c,,
null|null|0x0800|198.211.106.151|192.168.1.248|17|123|48504|dbaf121d24bc2763|dbaf121d7e8ca5ce|ada2c09c|1c|1c,,
null|null|0x0800|195.154.71.176|192.168.1.249|17|123|50260|dbac1cd396071c53|dbac1cd3fb856244|91eecb0e|1c|1c,,
null|null|0x0800|130.102.2.123|192.168.1.249|17|123|53881|dba66299b00b1359|dba66299ef184b1c|40712005|1c|1c,,
null|null|0x0800|192.168.1.249|196.10.52.57|17|55721|123|dba9ae7489749279|dba9ae7502b03af5|003c8bc2|1c|1c,,
null|null|0x0800|192.168.1.249|129.250.35.250|17|54444|123|dba3bf9580a45d41|dba3bf95c15d7fd0|85f3eef3|1c|1c,,
null|null|0x0800|54.252.165.245|192.168.1.249|17|123|37236|dba56577dd749279|dba565781c56ed19|ca15890a|1c|1c,,
null|null|0x0800|130.102.128.23|192.168.1.248|17|123|57098|dbb45825b78ad256|dbb45825fb6bde36|d8dac0ca|1c|1c,,
null|null|0x0800|192.168.1.248|193.141.27.6|17|49948|123|dbb7f8552f7ced91|dbb7f85594fdadec|c0356767|1c|1c,,
null|null|0x0800|192.168.1.248|202.127.210.37|17|60396|123|dbb84cb5dae3b46f|dbb84cb61a0470eb|c0bd3621|1c|1c,,
null|null|0x0800|192.168.1.248|27.124.125.251|17|37709|123|dbba46ffb9e0c5a8|dbba46fffee2cce7|82d9e231|1c|1c,,
null|null|0x0800|192.168.1.248|27.124.125.251|17|38068|123|dbbbece268219eb6|dbbbece2af33c1b9|82d9e231|1c|1c,,
null|null|0x0800|195.154.10.106|192.168.1.248|17|123|45333|dbbb442135fce315|dbbb44219d19ffff|c1321b42|1c|1c,,
null|null|0x0800|203.122.222.149|192.168.1.248|17|123|44986|dbb8a116494573a7|dbb8a11691b60608|4abd3a4e|1c|1c,,
null|null|0x0800|192.168.1.248|212.51.144.44|17|42180|123|dbbc4142e858bc59|dbbc41434e55f7b3|50505300|1c|1c,,
null|null|0x0800|192.168.1.248|97.107.128.58|17|34516|123|dbb3af64addbdb5d|dbb3af65104946f7|d133a1ee|1c|1c,,
null|null|0x0800|192.168.1.248|52.63.147.200|17|36674|123|dbb5fe0d4b2e8c04|dbb5fe0d8ca1b317|67ef0816|1c|1c,,
null|null|0x0800|202.127.210.37|192.168.1.248|17|123|40914|dbafbade6ecc2d6a|dbafbadeb3576a3e|c0bd3621|1c|1c,,
null|null|0x0800|129.250.35.250|192.168.1.248|17|123|48939|dbb99e3e4b0f6ad7|dbb99e3e86f03775|85f3eef3|1c|1c,,
null|null|0x0800|192.168.1.248|203.158.118.2|17|41959|123|dbb949ddac36eb4e|dbb949de01d26bce|7ae73bf6|1c|1c,,
null|null|0x0800|192.189.54.33|192.168.1.248|17|123|55470|dbbc95a3d36b5d46|dbbc95a410099000|825fb350|1c|1c,,
null|null|0x0800|192.168.1.248|27.124.125.252|17|51497|123|dbb403c53e77c45c|dbb403c583c926b2|da642b46|1c|1c,,
null|null|0x0800|59.167.170.228|192.168.1.248|17|123|51475|dbb6a6d32071e6cd|dbb6a6d361b5b651|dffc2009|1c|1c,,
null|null|0x0800|192.168.1.248|4.53.160.75|17|58768|123|dbba9b602ad234eb|dbba9b607e4feefc|8e42650d|1c|1c,,
null|null|0x0800|192.168.1.248|86.59.80.170|17|46322|123|dbb74f9412358298|dbb74f947dfa93b7|8382fb6b|1c|1c,,
null|null|0x0800|192.168.1.248|103.38.120.36|17|42812|123|dbb160c0cd04a2fc|dbb160c10b238a5b|cb2353f2|1c|1c,,
null|null|0x0800|108.61.194.85|192.168.1.248|17|123|45344|dbb8f576f5f42bb6|dbb8f577471ff539|84a30465|1c|1c,,
null|null|0x0800|192.168.1.248|27.124.125.252|17|39844|123|dbb7a3f4be7bf61a|dbb7a3f500bea545|da642b46|1c|1c,,
null|null|0x0800|192.168.1.248|129.250.35.250|17|51356|123|dbb00f3eef78feef|dbb00f3f33cb0d0e|85f3eef3|1c|1c,,
null|null|0x0800|192.168.1.248|202.60.94.11|17|42389|123|dbb0639f78aefb2a|dbb0639fc931497b|dffc2009|1c|1c,,
null|null|0x0800|129.250.35.251|192.168.1.248|17|123|54848|dbbd92caeb7f38c5|dbbd92cb3938a63e|f9e063d5|1c|1c,,
null|null|0x0800|192.168.1.248|195.43.138.123|17|59603|123|dbb25de28fb99d45|dbb25de2f6b74c83|55ffd642|1c|1c,,
null|null|0x0800|192.168.1.248|103.38.120.36|17|33754|123|dbbaefc0c07c30d3|dbbaefc0fe32bfc0|ca068376|1c|1c,,
null|null|0x0800|54.252.161.68|192.168.1.248|17|123|46598|dbb500e6953a81dc|dbb500e6d5572d00|cb2353f2|1c|1c,,
null|null|0x0800|192.168.1.248|203.23.237.200|17|37268|123|dbb2b2434256ffc1|dbb2b2437aae586f|cb2353f2|1c|1c,,
null|null|0x0800|192.168.1.248|103.38.121.36|17|48142|123|dbb65272b7a3db3b|dbb65272f33b58e9|cb2353f2|1c|1c,,
null|null|0x0800|202.127.210.36|192.168.1.248|17|123|57231|dbb35b041ffb3743|dbb35b04705f99ed|67267824|1c|1c,,
null|null|0x0800|192.168.1.248|121.0.0.42|17|48475|123|dbb9f29efc36b8f9|dbb9f29f4ccf8fff|d9c6db66|1c|1c,,
null|null|0x0800|176.9.82.67|192.168.1.248|17|123|36464|dbbcea0469c853c1|dbbcea04d314a60e|d5efefa4|1c|1c,,
null|null|0x0800|129.250.35.251|192.168.1.248|17|123|56267|dbb6fb3390adab9f|dbb6fb33e0e8d2ba|f9e063d5|1c|1c,,
null|null|0x0800|192.168.1.248|202.65.114.202|17|56813|123|dbbd3e6a539884c6|dbbd3e6aa2886050|cba08042|1c|1c,,
null|null|0x0800|192.168.1.248|45.114.116.62|17|34923|123|dbb4ac8631cd2d44|dbb4ac8670fcb8d0|ca2eb312|1c|1c,,
null|null|0x0800|202.147.104.60|192.168.1.248|17|123|35963|dbb0b7fff773affb|dbb0b80037b6a0cf|dffc2009|1c|1c,,
null|null|0x0800|91.218.89.74|192.168.1.248|17|123|52771|dbb1b52143566490|dbb1b521b0ed5989|69f03821|1c|1c,,
null|null|0x0800|178.17.162.12|192.168.1.248|17|123|44188|dbb5554702d14a0a|dbb5554788de2570|a2172938|1c|1c,,
null|null|0x0800|202.147.104.60|192.168.1.248|17|123|35973|dbbde72b7a1bb05f|dbbde72bc2740b8d|ca068376|1c|1c,,
null|null|0x0800|130.102.2.123|192.168.1.248|17|123|44138|dbb209821c28b2a6|dbb2098259688d9a|d8dafeca|1c|1c,,
null|null|0x0800|192.168.1.248|129.250.35.250|17|35872|123|dbb306a3a32b239a|dbb306a3df5efb92|85f3eef3|1c|1c,,
null|null|0x0800|192.168.1.248|220.233.156.30|17|33628|123|dbb5a9aceab862b2|dbb5a9ad15852466|50505300|1c|1c,,
null|null|0x0800|121.0.0.41|192.168.1.248|17|123|37719|dbb10c60610a2446|dbb10c60a40657ff|1b7c7dfa|1c|1c,,
null|null|0x0800|192.168.1.248|121.0.0.41|17|37665|123|dbbb9881e51d68c6|dbbb988229b3efff|1b7c7dfa|1c|1c,,
null|null|0x0800|220.233.156.30|192.168.1.248|17|123|40585|dbca3d3577ceb788|dbca3d35ba842b64|50505300|1c|1c,,
null|null|0x0800|160.16.101.116|192.168.1.248|17|123|45422|dbc08a345dac258d|dbc08a34c8e19852|85f3eef3|1c|1c,,
null|null|0x0800|27.124.125.252|192.168.1.248|17|123|44802|dbc7ca9e5ae1693c|dbc7ca9e9dee9830|da642b46|1c|1c,,
null|null|0x0800|192.168.1.248|128.138.141.172|17|41894|123|dbbf38ad3cc1333b|dbbf38ad92a014bf|4e495354|1c|1c,,
null|null|0x0800|192.168.1.248|45.114.116.62|17|35411|123|dbc7763e0e0a2014|dbc7763e3d117d53|ca2eb212|1c|1c,,
null|null|0x0800|192.168.1.248|202.127.210.36|17|52619|123|dbc81efeb4258d58|dbc81efef3498eb4|1b7c7dfa|1c|1c,,
null|null|0x0800|121.0.0.41|192.168.1.248|17|123|49025|dbcc285460e3369b|dbcc2854a4e497ff|1b7c7dfa|1c|1c,,
null|null|0x0800|121.0.0.42|192.168.1.248|17|123|49306|dbbee44cc2e3a3a8|dbbee44d08c60fff|c332ab65|1c|1c,,
null|null|0x0800|192.168.1.248|203.206.205.83|17|33130|123|dbc6cd7761907d91|dbc6cd77b93c7ea4|d209c032|1c|1c,,
null|null|0x0800|196.10.52.57|192.168.1.248|17|123|40213|dbc381a81b457c0b|dbc381a89e76a201|c415bb02|1c|1c,,
null|null|0x0800|192.168.1.248|54.252.161.68|17|48728|123|dbc8c7bf82e81882|dbc8c7bfc3cdfad8|cb2353f2|1c|1c,,
null|null|0x0800|27.124.125.251|192.168.1.248|17|123|33889|dbc2d8e6d651c193|dbc2d8e71cca10bf|82d9e231|1c|1c,,
null|null|0x0800|27.124.125.251|192.168.1.248|17|123|40158|dbc0de9a15fe004b|dbc0de9a5d05ea65|82d9e231|1c|1c,,
null|null|0x0800|192.168.1.248|27.124.125.250|17|33578|123|dbcc7cb4cfcec84f|dbcc7cb517cb7f27|112e63cc|1c|1c,,
null|null|0x0800|192.168.1.248|103.51.68.133|17|45802|123|dbc9e8d52ca31e7d|dbc9e8d550f75eb3|50505300|1c|1c,,
null|null|0x0800|54.252.165.245|192.168.1.248|17|123|50843|dbc42a6981c66d37|dbc42a69bd5aa53a|ca15890a|1c|1c,,
null|null|0x0800|220.233.156.30|192.168.1.248|17|123|44042|dbcb7f93857be985|dbcb7f93c69dc401|50505300|1c|1c,,
null|null|0x0800|54.252.161.68|192.168.1.248|17|123|57177|dbc1dbc09ca1be2b|dbc1dbc0ddca5de8|a4433ec2|1c|1c,,
null|null|0x0800|192.168.1.248|123.108.200.124|17|45779|123|dbc721dd607fdc59|dbc721ddcd66cc16|b24fa039|1c|1c,,
null|null|0x0800|27.124.125.250|192.168.1.248|17|123|34259|dbc5d05103d2fa0d|dbc5d0514d752068|112e63cc|1c|1c,,
null|null|0x0800|121.0.0.42|192.168.1.248|17|123|51447|dbc91c1ff9b317ef|dbc91c203f4787ff|b915653b|1c|1c,,
null|null|0x0800|192.168.1.248|192.189.54.17|17|50728|123|dbcb2b330f9713ad|dbcb2b334c788000|825fb350|1c|1c,,
null|null|0x0800|192.168.1.248|203.122.222.149|17|60211|123|dbc132fa9487db2b|dbc132fad2c33b19|4abd3a4e|1c|1c,,
null|null|0x0800|103.38.120.36|192.168.1.248|17|123|60585|dbbfe16e5118b0d0|dbbfe16e91b9a899|d209c032|1c|1c,,
null|null|0x0800|129.250.35.251|192.168.1.248|17|123|51951|dbc32d478d314445|dbc32d47da9b035c|f9e063d5|1c|1c,,
null|null|0x0800|27.124.125.250|192.168.1.248|17|123|33785|dbbe8fec508abd5d|dbbe8fec8b537b0c|1b7c7dfb|1c|1c,,
null|null|0x0800|192.168.1.248|27.124.125.251|17|43303|123|dbcad6d2a6f46aa0|dbcad6d2ec312bb1|82d9e231|1c|1c,,
null|null|0x0800|54.252.165.245|192.168.1.248|17|123|45188|dbbe3b8beb0153bd|dbbe3b8c2b9e8edf|ca15890a|1c|1c,,
null|null|0x0800|27.124.125.250|192.168.1.248|17|123|49294|dbc3d60907f0995a|dbc3d60950e774bd|112e63cc|1c|1c,,
null|null|0x0800|103.38.121.36|192.168.1.248|17|123|52885|dbc67916e34a2339|dbc6791732ed85f4|cb2353f2|1c|1c,,
null|null|0x0800|192.168.1.248|121.0.0.42|17|42485|123|dbc9c4e0e6cffa7e|dbc9c4e12a990fff|b915653b|1c|1c,,
null|null|0x0800|192.168.1.248|192.189.54.33|17|52991|123|dbc8735f2280e065|dbc8735f69994000|825fb350|1c|1c,,
null|null|0x0800|78.47.253.206|192.168.1.248|17|123|46645|dbccd1153d1cb039|dbccd1159f0476f5|c0356768|1c|1c,,
null|null|0x0800|192.168.1.248|129.250.35.250|17|45592|123|dbc624b17e795703|dbc624b1b992b17e|85f3eef3|1c|1c,,
null|null|0x0800|192.168.1.248|192.189.54.17|17|59355|123|dbcbd3f3f32f9873|dbcbd3f437880000|825fb350|1c|1c,,
null|null|0x0800|192.168.1.248|121.0.0.41|17|38524|123|dbc230211547064e|dbc2302159e1dfff|1b7c7dfc|1c|1c,,
null|null|0x0800|192.168.1.248|45.114.116.62|17|34814|123|dbc97080774a771c|dbc97080b86d1616|ca2eb212|1c|1c,,
null|null|0x0800|192.168.1.248|202.60.94.15|17|60938|123|dbbf8d0dd8180d3c|dbbf8d0e1a0ba102|dffc2009|1c|1c,,
null|null|0x0800|192.168.1.248|27.124.125.250|17|38886|123|dbc035cec0a3d70a|dbc035cefc8a201b|1b7c7dfb|1c|1c,,
null|null|0x0800|97.107.128.58|192.168.1.248|17|123|46169|dbc1875afc536d65|dbc1875b5552a3bd|d133a1ee|1c|1c,,
null|null|0x0800|192.168.1.248|121.0.0.42|17|53195|123|dbc284866fc7607c|dbc28486b30497ff|d9c6db66|1c|1c,,
null|null|0x0800|192.168.1.248|80.241.0.72|17|51642|123|dbdc77210a527a20|dbdc7721873cc411|50505300|1c|1c,,
null|null|0x0800|80.241.0.72|192.168.1.248|17|123|38563|dbcd257b0856e696|dbcd257b75aa8677|50505300|1c|1c,,
null|null|0x0800|27.124.125.252|192.168.1.248|17|123|33707|dbd2bfe97133c1ce|dbd2bfe9ba1a0cb9|da642b46|1c|1c,,
null|null|0x0800|192.168.1.248|192.189.54.33|17|42066|123|dbd4cbafb9dabe27|dbd4cbaffeedd000|825fb350|1c|1c,,
null|null|0x0800|27.124.125.251|192.168.1.248|17|123|39200|dbd6884cc46088d6|dbd6884d0c30895b|82d9e231|1c|1c,,
null|null|0x0800|27.124.125.250|192.168.1.248|17|123|60425|dbdb25939fb4d488|dbdb2593efaedd6c|112e63cc|1c|1c,,
null|null|0x0800|192.168.1.248|202.127.210.36|17|35588|123|dbd57280b615336d|dbd57280f90f2819|1b7c7dfa|1c|1c,,
null|null|0x0800|192.168.1.248|202.127.210.36|17|59517|123|dbdc22badbdfa00e|dbdc22bb1f72be84|1b7c7dfa|1c|1c,,
null|null|0x0800|192.168.1.248|202.127.210.36|17|47315|123|dbd97fb1298372e6|dbd97fb16d17c1e5|1b7c7dfa|1c|1c,,
null|null|0x0800|192.168.1.248|194.225.50.25|17|46560|123|dbdbce59afa7daa4|dbdbce5a28a53b1f|34ce4636|1c|1c,,
null|null|0x0800|192.168.1.248|206.108.0.131|17|57135|123|dbd4774ef815a07b|dbd4774f6791f715|c0a864fc|1c|1c,,
null|null|0x0800|192.168.1.248|130.102.2.123|17|40734|123|dbd633ec70b923a2|dbd633ec9e473975|d8dac0ca|1c|1c,,
null|null|0x0800|192.168.1.248|108.61.56.35|17|60688|123|dbd217285e4e26d4|dbd21728b5daeded|121a0469|1c|1c,,
null|null|0x0800|192.168.1.248|192.189.54.33|17|55159|123|dbcfc8847e1b7e0a|dbcfc884c6084000|825fb350|1c|1c,,
null|null|0x0800|192.168.1.248|121.0.0.42|17|60244|123|dbd8d6f0698793dd|dbd8d6f0abf7efff|b915653b|1c|1c,,
null|null|0x0800|192.168.1.248|46.165.194.70|17|41406|123|dbd01ce4f1460aa6|dbd01ce55cf836cb|c0356768|1c|1c,,
null|null|0x0800|121.0.0.41|192.168.1.248|17|123|53150|dbd92b50c24a59c0|dbd92b51067a0fff|1b7c7dfc|1c|1c,,
null|null|0x0800|220.233.156.30|192.168.1.248|17|123|49796|dbd16e673ba1e3ea|dbd16e677f0d752e|50505300|1c|1c,,
null|null|0x0800|192.168.1.248|130.102.128.23|17|34435|123|dbdd1fe261dfdac6|dbdd1fe2a3c62d24|d8dafeca|1c|1c,,
null|null|0x0800|192.168.1.248|202.127.210.37|17|33613|123|dbd5c6e18a744b2b|dbd5c6e1d361dabc|c0bd3611|1c|1c,,
null|null|0x0800|27.124.125.251|192.168.1.248|17|123|44527|dbd26b88fa5b63d3|dbd26b89441692c8|82d9e231|1c|1c,,
null|null|0x0800|132.163.4.101|192.168.1.248|17|123|36815|dbce229cf1c36976|dbce229d49db3a16|41435453|1c|1c,,
null|null|0x0800|103.38.120.36|192.168.1.248|17|123|47670|dbdb79f428f4f93b|dbdb79f46565d3d0|cb2353f2|1c|1c,,
null|null|0x0800|129.250.35.250|192.168.1.248|17|123|58379|dbd61b4210886162|dbd61b42583edf66|85f3eef3|1c|1c,,
null|null|0x0800|129.250.35.250|192.168.1.248|17|123|46396|dbcd79dbd93c579f|dbcd79dc1f37da76|85f3eef3|1c|1c,,
null|null|0x0800|27.124.125.250|192.168.1.248|17|123|44453|dbcdce3c5c848387|dbcdce3cb9022162|112e63cc|1c|1c,,
null|null|0x0800|192.168.1.248|130.102.2.123|17|55614|123|dbd51e20513fd0d0|dbd51e209544ae46|84a30465|1c|1c,,
null|null|0x0800|129.250.35.251|192.168.1.248|17|123|48300|dbd07145b1826677|dbd07145f802a678|f9e063d5|1c|1c,,
null|null|0x0800|202.127.210.37|192.168.1.248|17|123|43105|dbcf7423fb530ced|dbcf742445f13e1f|c0bd3611|1c|1c,,
null|null|0x0800|192.168.1.248|129.250.35.251|17|52694|123|dbdad1330add9c27|dbdad13359ec94a9|f9e063d5|1c|1c,,
null|null|0x0800|192.168.1.248|121.0.0.41|17|44502|123|dbd11a06bfac710c|dbd11a07185e2fff|1b7c7dfb|1c|1c,,
null|null|0x0800|192.168.1.248|54.252.165.245|17|34716|123|dbda287225ccb7d4|dbda287267e9edd3|ca15890a|1c|1c,,
null|null|0x0800|202.127.210.36|192.168.1.248|17|123|45431|dbdccb81db1e0828|dbdccb8225dcf7c1|1b7c7dfa|1c|1c,,
null|null|0x0800|192.168.1.248|121.0.0.41|17|49751|123|dbda7cd2964851a8|dbda7cd2dc33c7ff|1b7c7dfa|1c|1c,,
null|null|0x0800|121.0.0.41|192.168.1.248|17|123|47066|dbd88290053f5b5f|dbd88290462177ff|1b7c7dfa|1c|1c,,
null|null|0x0800|192.168.1.248|220.233.156.30|17|38563|123|dbcd2575ec12cf0f|dbcd25762946ca27|50505300|1c|1c,,
null|null|0x0800|192.189.54.17|192.168.1.248|17|123|57926|dbd9d411a4cc2507|dbd9d411ecece000|825fb350|1c|1c,,
null|null|0x0800|193.6.176.19|192.168.1.248|17|123|37987|dbd1c2c7a45ff1d8|dbd1c2c80f36eec6|28b3845b|1c|1c,,
null|null|0x0800|54.252.165.245|192.168.1.248|17|123|55123|dbce76fd9371da37|dbce76fdd73bc25a|ca15890a|1c|1c,,
null|null|0x0800|209.133.217.165|192.168.1.248|17|123|51642|dbdc771b9edc7ef1|dbdc771bfe894c23|47288092|1c|1c,,
null|null|0x0800|82.100.248.10|192.168.1.248|17|123|47493|dbd82e2f0f7318fc|dbd82e2f7ca0386a|83bc03de|1c|1c,,
null|null|0x0800|121.0.0.41|192.168.1.248|17|123|37173|dbcf1fbe8757d5a9|dbcf1fbeca0cbfff|c0bd3611|1c|1c,,
null|null|0x0800|129.250.35.250|192.168.1.248|17|123|34909|dbd0c5a6319ba1b1|dbd0c5a67a62ac5a|85f3eef3|1c|1c,,
null|null|0x0800|202.60.94.11|192.168.1.248|17|123|40422|dbcecb5e0d40bbb1|dbcecb5e4f10c8a2|dffc2009|1c|1c,,
null|null|0x0800|27.124.125.251|192.168.1.248|17|123|59676|dbe6273487939a7c|dbe62734d1addad6|82d9e233|1c|1c,,
null|null|0x0800|192.168.1.248|27.124.125.252|17|59682|123|dbe3d8911162f166|dbe3d8915a7e695b|da642b46|1c|1c,,
null|null|0x0800|192.168.1.248|103.38.121.36|17|58966|123|dbe08cc2334efcbd|dbe08cc275da6ecc|ca068376|1c|1c,,
null|null|0x0800|192.189.54.17|192.168.1.248|17|123|52230|dbdd7447cc0e27e0|dbdd74480e003000|825fb350|1c|1c,,
null|null|0x0800|121.0.0.41|192.168.1.248|17|123|55146|dbe2db6a8daad601|dbe2db6ad1cacfff|1b7c7dfb|1c|1c,,
null|null|0x0800|27.124.125.251|192.168.1.248|17|123|44219|dbe6cff585490e66|dbe6cff5cf3a5fd3|82d9e233|1c|1c,,
null|null|0x0800|103.38.120.36|192.168.1.248|17|123|42349|dbde927f0af3c2da|dbde927f465148c7|ca068376|1c|1c,,
null|null|0x0800|192.168.1.248|54.252.165.245|17|56890|123|dbdf8fa05c3c07ee|dbdf8fa09fe831f3|ca15890a|1c|1c,,
null|null|0x0800|202.127.210.36|192.168.1.248|17|123|33823|dbe5d2d40bc158fb|dbe5d2d44f39e0b3|1b7c7dfa|1c|1c,,
null|null|0x0800|192.168.1.248|121.0.0.42|17|56056|123|dbe4815208940bbb|dbe481524cef97ff|d9c6db66|1c|1c,,
null|null|0x0800|176.58.109.199|192.168.1.248|17|123|54575|dbe03861742d16b9|dbe03861d58ecba4|83bc03df|1c|1c,,
null|null|0x0800|54.252.129.186|192.168.1.248|17|123|41433|dbde1d08e15e17e3|dbde1d0923ab0ea4|ca068376|1c|1c,,
null|null|0x0800|192.168.1.248|130.102.2.123|17|50686|123|dbe287051fa58f71|dbe2870565b31c08|d8dac0ca|1c|1c,,
null|null|0x0800|192.168.1.248|27.124.125.250|17|42083|123|dbe232a4ab9dd3ba|dbe232a4f1cf3cb0|1b7c7dfc|1c|1c,,
null|null|0x0800|27.124.125.251|192.168.1.248|17|123|55676|dbe52a13019029ae|dbe52a1349a230be|82d9e233|1c|1c,,
null|null|0x0800|192.168.1.248|62.210.244.146|17|48337|123|dbe778b673079e59|dbe778b6d4b2b7ff|c39a4fc0|1c|1c,,
null|null|0x0800|192.168.1.248|171.66.97.126|17|53326|123|dbddc8a843fdc593|dbddc8a89a4f84f2|73686d30|1c|1c,,
null|null|0x0800|192.168.1.248|203.19.252.1|17|46977|123|dbe384308815a07b|dbe38430dcb630b3|d209c032|1c|1c,,
null|null|0x0800|27.124.125.250|192.168.1.248|17|123|39852|dbe1358367daf8df|dbe13583b0571b4d|1b7c7dfc|1c|1c,,
null|null|0x0800|103.38.120.36|192.168.1.248|17|123|59546|dbdf3b3ff71886df|dbdf3b4034806d51|cb2353f2|1c|1c,,
null|null|0x0800|203.135.184.46|192.168.1.248|17|123|39087|dbdfe400fe2a6f3f|dbdfe40147cd092f|47505300|24|24,,
null|null|0x0800|192.168.1.248|27.124.125.250|17|35178|123|dbe724560059b802|dbe72456445040c9|112e63cc|1c|1c,,
null|null|0x0800|192.168.1.248|129.250.35.250|17|41224|123|dbe32fd00e11a975|dbe32fd051b43789|85f3eef3|1c|1c,,
null|null|0x0800|192.168.1.248|27.124.125.251|17|54357|123|dbe42cf19a2bae03|dbe42cf1e56603d0|82d9e233|1c|1c,,
null|null|0x0800|192.168.1.248|192.189.54.17|17|36421|123|dbde3e1ec5c347e8|dbde3e1ee7183000|825fb350|1c|1c,,
null|null|0x0800|192.168.1.248|192.189.54.33|17|34173|123|dbe67b950dd3aa36|dbe67b955174d000|825fb350|1c|1c,,
null|null|0x0800|27.124.125.250|192.168.1.248|17|123|58258|dbe57e7388cdd93c|dbe57e73d315d7f4|112e63cc|1c|1c,,
null|null|0x0800|192.168.1.248|94.23.210.194|17|38060|123|dbe0e122a65fe974|dbe0e1230cda4222|24e044c3|1c|1c,,
null|null|0x0800|192.168.1.248|203.135.184.46|17|58035|123|dbdee6df7fbf2f55|dbdee6dfc931f2ef|47505300|24|24,,
null|null|0x0800|192.168.1.248|202.60.94.11|17|32986|123|dbe4d5b27f5bb384|dbe4d5b2c2cb3581|dffc2009|1c|1c,,
null|null|0x0800|203.122.222.149|192.168.1.248|17|123|48060|dbe1de4448052d66|dbe1de44887fb0e2|112e63cc|1c|1c,,
null|null|0x0800|54.252.129.186|192.168.1.248|17|123|47817|dbe189e3d8927913|dbe189e41c045588|dffc2009|1c|1c,,
null|null|0x0800|188.114.116.1|192.168.1.249|17|123|56027|dc3b8b748bc30d30|dc3b8b74f5b4c4b8|c342f102|1c|1c,,
null|null|0x0800|104.156.232.147|192.168.1.249|17|123|44332|dc51654573f498c3|dc516545b85383fa|8a60400a|1c|1c,,
null|null|0x0800|192.168.1.249|54.252.165.245|17|42388|123|dc4acdb758f7121a|dc4acdb79966a544|ca15890a|1c|1c,,
null|null|0x0800|103.242.68.69|192.168.1.249|17|123|43899|dc3dda18b129fe00|dc3dda18f648d534|ca2eb212|1c|1c,,
null|null|0x0800|192.168.1.249|104.156.232.147|17|46418|123|dc4a24f693d32c62|dc4a24f6d5604b96|8a60400a|1c|1c,,
null|null|0x0800|192.168.1.249|119.252.27.44|17|42622|123|dc4b2217c9ec5f39|dc4b22180cd884b4|82c20160|1c|1c,,
null|null|0x0800|192.168.1.248|130.102.2.123|17|55358|123|83aa7ead8049cb25|dbe788c84d6f28e8|84a30465|1c|1c,,
null|null|0x0800|192.168.1.249|192.189.54.17|17|37524|123|dc497c35a12c6ac2|dc497c35e236f000|825fb350|1c|1c,,
null|null|0x0800|202.60.94.15|192.168.1.249|17|123|54832|dc5110e4fd2a0ec7|dc5110e54479beec|dffc2009|1c|1c,,
null|null|0x0800|121.0.0.41|192.168.1.249|17|123|56855|dc4e198117d816ac|dc4e19815ecd27ff|ca3c5e0f|1c|1c,,
null|null|0x0800|192.168.1.249|45.63.31.8|17|60983|123|dc52b6ca6ba6ce35|dc52b6cac3cbc99c|cb2353f2|1c|1c,,
null|null|0x0800|13.54.31.227|192.168.1.249|17|123|59573|dc50682436fd1138|dc50682476dc9b9d|36fca5f5|1c|1c,,
null|null|0x0800|192.168.1.249|27.124.125.251|17|54492|123|dc3c3435eee47dc3|dc3c34363c5dbee3|82d9e231|1c|1c,,
null|null|0x0800|104.156.232.147|192.168.1.249|17|123|58334|dc530b2ae697396d|dc530b2b2807389b|8ccbcc4d|1c|1c,,
null|null|0x0800|192.168.1.249|45.32.189.94|17|53517|123|dc4e6de1b598bf7f|dc4e6de1f9976354|cb2353f2|1c|1c,,
null|null|0x0800|27.124.125.252|192.168.1.249|17|123|58270|dc49d09619bbcf4e|dc49d09664dc4f55|da642b46|1c|1c,,
null|null|0x0800|192.168.1.249|85.199.214.101|17|41148|123|dc3e2e79261ac57e|dc3e2e798bd3a25d|47505300|24|24,,
null|null|0x0800|13.55.50.68|192.168.1.249|17|123|40376|dc4a7956febb44e5|dc4a79573cdb873d|36ce6dbb|1c|1c,,
null|null|0x0800|203.135.184.123|192.168.1.249|17|123|43004|dc51b9a5cd18f3ec|dc51b9a61310396f|47505300|24|24,,
null|null|0x0800|54.252.165.245|192.168.1.249|17|123|56808|dc487f1441604189|dc487f1483b19780|ca15890a|1c|1c,,
null|null|0x0800|104.156.232.147|192.168.1.249|17|123|32908|dc4f16a28cc49ba5|dc4f16a2cc4ee0e7|8a60400a|1c|1c,,
null|null|0x0800|223.252.23.219|192.168.1.249|17|123|52488|dc50bc8495b4aa97|dc50bc84d6ccbd80|1b7c7dfc|1c|1c,,
null|null|0x0800|203.7.149.150|192.168.1.249|17|123|36803|dc4f6b02f8fb6566|dc4f6b0337998acf|cb2353f2|1c|1c,,
null|null|0x0800|129.250.35.251|192.168.1.249|17|123|47858|dc526269ecb23140|dc52626a2cf9fe36|f9e063d5|1c|1c,,
null|null|0x0800|27.124.125.252|192.168.1.249|17|123|60513|dc4927d5211fa333|dc4927d5678ca19f|da642b46|1c|1c,,
null|null|0x0800|27.124.125.250|192.168.1.249|17|123|34406|dc520e096c8eef1b|dc520e09b2f10c78|dce99c1e|1c|1c,,
null|null|0x0800|192.168.1.249|103.38.120.36|17|38121|123|dc4dc5209ee87d2c|dc4dc520e3f67526|cb2353f2|1c|1c,,
null|null|0x0800|192.168.1.249|13.54.31.227|17|42581|123|dc4fbf6364157eed|dc4fbf63a4dceed7|6e8dc454|1c|1c,,
null|null|0x0800|27.124.125.250|192.168.1.249|17|123|55971|dc4ec242126fa3fc|dc4ec242597390e6|dce99c1e|1c|1c,,
null|null|0x0800|61.216.153.105|192.168.1.249|17|123|45472|dc4c1f3e1c4577d9|dc4c1f3e801b8c68|d316679d|1c|1c,,
null|null|0x0800|192.168.1.249|13.55.50.68|17|43276|123|dc4bcad8935c6c11|dc4bcad8d931ef78|36ce6dbb|1c|1c,,
null|null|0x0800|203.135.184.123|192.168.1.249|17|123|49442|dc48d374aff42352|dc48d374f55e4cef|47505300|24|24,,
null|null|0x0800|192.189.54.33|192.168.1.249|17|123|45454|dc3bdfd562d00b45|dc3bdfd5b58ad000|cb2353f2|1c|1c,,
null|null|0x0800|192.189.54.33|192.168.1.249|17|123|42125|dc4b76782bf5d788|dc4b76786e3fc000|cb2353f2|1c|1c,,
null|null|0x0800|210.9.100.22|192.168.1.249|17|123|45705|dc3b370f1e8aa433|dc3b370f60c95023|67505053|1c|1c,,
null|null|0x0800|192.168.1.249|104.156.232.147|17|52480|123|dc5013c3c8739b02|dc5013c40dbfc57f|8ccbcc4d|1c|1c,,
null|null|0x0800|45.32.189.94|192.168.1.248|17|123|36170|dc68308f4f6b4c7f|dc68308f93f4ed5e|cb2353f2|1c|1c,,
null|null|0x0800|171.66.97.126|192.168.1.248|17|123|51157|dc6e73a1aa176dda|dc6e73a1ff220033|73686d30|1c|1c,,
null|null|0x0800|76.191.88.3|192.168.1.248|17|123|45532|dc63b648faeb7026|dc63b64958aba40c|c63c16f0|1c|1c,,
null|null|0x0800|192.168.1.248|97.107.128.58|17|37153|123|dc67336da9bf487f|dc67336e04915698|d133a1ee|1c|1c,,
null|null|0x0800|192.168.1.248|173.230.144.109|17|51028|123|dc65e1eb3cc729f5|dc65e1eb93b591f6|84ef0106|1c|1c,,
null|null|0x0800|192.168.1.248|198.23.200.19|17|47853|123|dc630d82e1807fed|dc630d8340955038|84a30466|1c|1c,,
null|null|0x0800|192.168.1.248|27.124.125.252|17|34318|123|dc6d767f6b0b9dc2|dc6d767fb532f06e|da642b46|1c|1c,,
null|null|0x0800|192.168.1.248|45.127.112.2|17|60669|123|dc65391e1f5c9e66|dc65391e677b439c|c8173366|1c|1c,,
null|null|0x0800|150.101.176.226|192.168.1.249|17|123|60473|dc56ffb04131b9b6|dc56ffb08b63277f|bb54b86a|1c|1c,,
null|null|0x0800|192.168.1.248|192.189.54.33|17|59823|123|dc6dcae02b54d1e9|dc6dcadfecc9c000|cb2353f2|1c|1c,,
null|null|0x0800|192.168.1.248|45.127.112.2|17|51774|123|dc643bfbf5f926c7|dc643bfc3ae31668|84a30465|1c|1c,,
null|null|0x0800|121.0.0.42|192.168.1.249|17|123|37543|83aa7ea562ed3522|dc5760e90576a7ff|cb87b87b|1c|1c,,
null|null|0x0800|74.120.8.2|192.168.1.248|17|123|52132|dc6264c10aea747d|dc6264c17607b548|121a0469|1c|1c,,
null|null|0x0800|203.114.73.24|192.168.1.248|17|123|50650|dc668aac736be37d|dc668aacb909ad69|4abd3a4e|1c|1c,,
null|null|0x0800|192.168.1.248|103.38.120.36|17|39257|123|83aa8a3ba4bb5e0f|dc621060dad8ba57|cb2353f2|1c|1c,,
null|null|0x0800|192.168.1.248|67.18.187.111|17|40707|123|dc6884f0252c4934|dc6884f07e5a668b|9fcb9ec5|1c|1c,,
null|null|0x0800|192.168.1.248|13.55.50.68|17|39068|123|dc6f1c6334c89b0e|dc6f1c63785e1556|36ce6dbb|1c|1c,,
null|null|0x0800|192.168.1.249|203.122.222.149|17|44840|123|dc575410b3965b20|dc575410f8af7dad|4abd3a4e|1c|1c,,
null|null|0x0800|129.250.35.250|192.168.1.249|17|123|45842|dc53b3ebc1157abb|dc53b3ec019be0b0|f9e063d5|1c|1c,,
null|null|0x0800|192.168.1.248|199.101.100.221|17|56705|123|dc66df0cdce4ead0|dc66df0d400d197c|82cff4f0|1c|1c,,
null|null|0x0800|192.168.1.248|203.114.73.24|17|35105|123|dc64e4bdb013ec46|dc64e4bdeb27d355|ca2eb212|1c|1c,,
null|null|0x0800|103.236.162.131|192.168.1.249|17|123|56444|dc54084c36cacd18|dc54084c916d2e15|bb54b86a|1c|1c,,
null|null|0x0800|192.168.1.248|66.79.167.34|17|40093|123|dc64905cd9e9e1b0|dc64905d45746848|83bc03dc|1c|1c,,
null|null|0x0800|192.168.1.248|203.23.237.200|17|33791|123|dc6787ce6e5b749a|dc6787ceb1f3e017|cb2353f2|1c|1c,,
null|null|0x0800|198.211.106.151|192.168.1.248|17|123|53548|dc66364bc903d9a9|dc66364c27be0856|80040101|1c|1c,,
null|null|0x0800|192.168.1.248|103.38.120.36|17|39538|123|dc6ec802630984e3|dc6ec802a64b58eb|cb2353f2|1c|1c,,
null|null|0x0800|120.146.26.214|192.168.1.248|17|123|50260|dc658d899ba41e57|dc658d89e5cdd946|cb2353f2|1c|1c,,
null|null|0x0800|103.76.40.155|192.168.1.248|17|123|35761|dc68d950c9faa8a8|dc68d95109e3a864|cb0e00fb|1c|1c,,
null|null|0x0800|192.168.1.248|202.60.94.11|17|37087|123|dc6361e87b382e44|dc6361e8bee1c393|dffc2009|1c|1c,,
null|null|0x0800|216.182.1.2|192.168.1.248|17|123|43460|dc62b921df496aad|dc62b922418461c6|d133a1ee|1c|1c,,
null|null|0x0800|192.168.1.248|203.7.149.150|17|48855|123|dc67dc2eedacbc8c|dc67dc2f2df62c72|dffc2009|1c|1c,,
null|null|0x0800|83.68.137.76|192.168.1.248|17|123|60669|dc653928e51e321a|dc65392951783ecd|8382fb6b|1c|1c,,
null|null|0x0800|192.168.1.248|27.124.125.250|17|43688|123|dc6f70c3eae04c05|dc6f70c4329956d9|0ecaccb6|1c|1c,,
null|null|0x0800|192.168.1.248|66.135.44.92|17|52564|123|dc6e1f404139a7c1|dc6e1f4124d1159b|7f43715c|1c|1c,,
null|null|0x0800|27.124.125.252|192.168.1.249|17|123|46397|dc535f8b4c3c07ee|dc535f8b91efef75|da642b46|1c|1c,,
null|null|0x0800|192.168.1.248|108.61.73.244|17|59979|123|dc7342341d66cf41|dc7342347d1b8240|803b00f5|1c|1c,,
null|null|0x0800|4.53.160.75|192.168.1.248|17|123|40926|dc77ae217f446f9b|dc77ae21d2fe3246|8e42650d|1c|1c,,
null|null|0x0800|27.124.125.250|192.168.1.248|17|123|50213|dc7759c0aa55b035|dc7759c1229bff66|f2478fa9|1c|1c,,
null|null|0x0800|173.255.246.13|192.168.1.248|17|123|41404|dc7856e35e888b54|dc7856e3ae781136|cc7b0248|1c|1c,,
null|null|0x0800|192.168.1.248|129.250.35.251|17|36332|123|dc79540507d0e12e|dc79540548a7519c|f9e063d5|1c|1c,,
null|null|0x0800|74.123.28.4|192.168.1.248|17|123|34369|dc78ab43ec6d82ba|dc78ab4444a08b3c|d8dafeca|1c|1c,,
null|null|0x0800|192.168.1.248|103.38.120.36|17|49606|123|dc73eafa733b1077|dc73eafab25b9841|d209c032|1c|1c,,
null|null|0x0800|192.168.1.248|74.117.214.3|17|50093|123|dc6fc524aa0f6f08|dc6fc5250409167e|47505300|1c|1c,,
null|null|0x0800|192.168.1.248|38.229.71.1|17|34001|123|dc753c87b67a52ac|dc753c8810d19e19|cc093677|1c|1c,,
null|null|0x0800|192.168.1.248|121.0.0.42|17|40980|123|dc72edd3763486f0|dc72edd3d0b417ff|cb87b87b|1c|1c,,
null|null|0x0800|27.124.125.251|192.168.1.248|17|123|49853|dc743f5b286de764|dc743f5b7660400a|82d9e232|1c|1c,,
null|null|0x0800|192.168.1.248|27.124.125.250|17|42639|123|dc75e54961e53a81|dc75e549d9492756|33fec4a7|1c|1c,,
null|null|0x0800|192.168.1.248|74.82.59.142|17|58780|123|dc7ba2b9bb790fb6|dc7ba2ba0c53aa53|d1f2e075|1c|1c,,
null|null|0x0800|192.168.1.248|195.21.137.209|17|52207|123|dc7639af29162281|dc7639af92da410a|c342f103|1c|1c,,
null|null|0x0800|192.168.1.248|69.89.207.199|17|35379|123|dc74e826d6854477|dc74e827345d8380|d4d7019d|1c|1c,,
null|null|0x0800|106.247.248.106|192.168.1.248|17|123|41588|dc7493c5f34666ec|dc7493c653b2cbfe|8ddfb66a|1c|1c,,
null|null|0x0800|192.168.1.248|65.182.224.39|17|41280|123|dc78ffa4839d0a67|dc78ffa4d6aa7a35|2b4d82fe|1c|1c,,
null|null|0x0800|97.127.21.25|192.168.1.248|17|123|59732|dc79fccc1cd2a1f8|dc79fccc6d1da39c|47505300|1c|1c,,
null|null|0x0800|129.250.35.250|192.168.1.248|17|123|57895|dc7a512cf562f166|dc7a512d41f1f101|f9e063d5|1c|1c,,
null|null|0x0800|192.168.1.248|77.235.14.49|17|41755|123|dc7bf720fe7a0f90|dc7bf72179aac0ad|8c8e0108|1c|1c,,
null|null|0x0800|192.168.1.248|27.124.125.252|17|40177|123|dc7590e8908f2170|dc7590e8e3c74ff8|da642b46|1c|1c,,
null|null|0x0800|192.168.1.248|54.252.165.245|17|54326|123|dc739699b1bd72bc|dc739699f663cbb4|ca15890a|1c|1c,,
null|null|0x0800|23.92.29.245|192.168.1.248|17|123|57980|dc7aa58d86770bd0|dc7aa58df5be7eab|80e3cd03|1c|1c,,
null|null|0x0800|192.189.54.33|192.168.1.248|17|123|34900|dc7c4b8228d41312|dc7c4b826b866000|c05e2982|1c|1c,,
null|null|0x0800|192.168.1.248|130.95.13.1|17|35660|123|dc7c9fe2d74fa483|dc7c9fe323a800f5|cb87b87b|1c|1c,,
null|null|0x0800|192.168.1.248|27.124.125.250|17|54363|123|dc780282524638c9|dc780282ca936853|f2478fa9|1c|1c,,
null|null|0x0800|192.168.1.248|138.236.128.112|17|60646|123|dc77055fe0913a4f|dc7705603cc8264a|121a0469|1c|1c,,
null|null|0x0800|192.168.1.248|204.11.201.12|17|33305|123|dc76b0ff450d8cb0|dc76b0ffa16f90d1|8c8e0108|1c|1c,,
null|null|0x0800|166.111.206.172|192.168.1.248|17|123|38945|dc79a86afdec7000|dc79a86b79db5118|4524e00f|1c|1c,,
null|null|0x0800|216.218.254.202|192.168.1.248|17|123|43874|dc7019868adbf8b9|dc701986e2bd97b9|43444d41|1c|1c,,
null|null|0x0800|192.168.1.248|129.250.35.251|17|55572|123|dc72996dfa3736cd|dc72996e3c963e4f|f9e063d5|1c|1c,,
null|null|0x0800|74.82.59.143|192.168.1.248|17|123|41588|dc7493bbd23a4b55|dc7493bc2d6401bf|808a8c2c|1c|1c,,
null|null|0x0800|59.125.122.217|192.168.1.248|17|123|46170|dc7b4e5412dd26b7|dc7b4e547c5145e9|d316679e|1c|1c,,
null|null|0x0800|192.168.1.248|198.211.106.151|17|43891|123|dc7af9ee7ee6ea85|dc7af9eeddee918f|80040101|1c|1c,,
null|null|0x0800|216.229.0.49|192.168.1.248|17|123|44510|dc7def717e1bf37b|dc7def719ed637ff|d8e500b3|1c|1c,,
null|null|0x0800|61.216.153.106|192.168.1.248|17|123|43179|dc85d7508cf08461|dc85d750f3be946d|76a3513e|1c|1c,,
null|null|0x0800|192.168.1.248|103.226.213.30|17|59805|123|dc7def3119380453|dc7def31461d6742|50505300|1c|1c,,
null|null|0x0800|192.168.1.248|103.76.40.155|17|34373|123|dc8485c9544ed6fd|dc8485c96a3d2de5|cb0e00fb|1c|1c,,
null|null|0x0800|115.187.159.2|192.168.1.248|17|123|45377|dc83e011d1dbb9cf|dc83e0121ddea6de|47505300|1c|1c,,
null|null|0x0800|129.250.35.251|192.168.1.248|17|123|42618|dc8481d00127a205|dc8481d04f5d5bdd|f9e063d5|1c|1c,,
null|null|0x0800|203.213.88.59|192.168.1.248|17|123|50867|dc80e8aa1aefa1e3|dc80e8aa6502f867|73bb9f02|1c|1c,,
null|null|0x0800|192.168.1.248|203.213.88.59|17|53858|123|dc7d910a5f6ff3ad|dc7d910a71343c7f|73bb9f02|1c|1c,,
null|null|0x0800|192.168.1.248|50.18.44.198|17|43179|123|dc85d74b49f8f473|dc85d74ba0f189e6|c00c1314|1c|1c,,
null|null|0x0800|192.168.1.248|129.250.35.251|17|43257|123|dc84da2999654d61|dc84da29df290fa8|f9e063d5|1c|1c,,
null|null|0x0800|216.218.220.101|192.168.1.248|17|123|41220|dc7d8b9244d48882|dc7d8b92686299b4|84ef0106|1c|1c,,
null|null|0x0800|192.168.1.248|13.55.50.68|17|42390|123|dc813d0b3bccc037|dc813d0bb30342ad|36ce6dbb|1c|1c,,
null|null|0x0800|216.229.0.50|192.168.1.248|17|123|59544|dc868017ed3faf42|dc8680184ce96fff|81070142|1c|1c,,
null|null|0x0800|192.168.1.248|185.23.154.26|17|41220|123|dc7d8b97d71f8a09|dc7d8b9821100441|c10ba614|1c|1c,,
null|null|0x0800|192.168.1.248|129.250.35.251|17|52763|123|dc84347754edd484|dc8434779bb7954b|f9e063d5|1c|1c,,
null|null|0x0800|54.252.165.245|192.168.1.248|17|123|35833|dc7de56aefbfb58d|dc7de56b364f81e2|ca15890a|1c|1c,,
null|null|0x0800|192.168.1.248|129.250.35.251|17|55313|123|dc7d48a5ba778140|dc7d48a5f41f05c5|f9e063d5|1c|1c,,
null|null|0x0800|203.213.88.59|192.168.1.248|17|123|43312|dc86d478a91a1123|dc86d478f1b41a86|73bb9f02|1c|1c,,
null|null|0x0800|192.168.1.248|46.19.96.19|17|45118|123|dc862bb70cda6e75|dc862bb775e6e6e5|2accb39f|1c|1c,,
null|null|0x0800|62.201.225.9|192.168.1.248|17|123|40505|dc88648706a7589e|dc88648780fd6371|3ec9d6a2|1c|1c,,
null|null|0x0800|192.168.1.248|203.122.222.149|17|59805|123|dc7def2bad805e5f|dc7def2bba991295|4abd3a4e|1c|1c,,
null|null|0x0800|192.168.1.248|198.206.133.14|17|47742|123|dc7d8cfc3fedfa43|dc7d8cfc6051a6b1|80fc1301|1c|1c,,
null|null|0x0800|192.168.1.248|74.123.29.4|17|39982|123|dc7e43d22770ef56|dc7e43d27b178ee7|d8dafeca|5c|5c,,
null|null|0x0800|192.168.1.248|173.203.211.73|17|38961|123|dc7d8f5f108b2207|dc7d8f5f33112afd|d8e4c045|1c|1c,,
null|null|0x0800|192.168.1.248|14.202.204.182|17|42946|123|dc8582ead8ec636b|dc8582eb20b81696|47505300|1c|1c,,
null|null|0x0800|129.250.35.251|192.168.1.248|17|123|38399|dc8825fc3097e996|dc8825fc7721e568|f9e063d5|1c|1c,,
null|null|0x0800|27.124.125.250|192.168.1.248|17|123|49551|dc7cf4439300ffda|dc7cf444079d7ea2|33fec4a7|1c|1c,,
null|null|0x0800|192.168.1.248|192.189.54.17|17|58893|123|dc838bb11567fd3f|dc838bb15d5b3000|825fb350|1c|1c,,
null|null|0x0800|192.168.1.248|129.250.35.251|17|43540|123|dc8728d970c0ad03|dc8728d9b707bdc7|f9e063d5|1c|1c,,
null|null|0x0800|192.168.1.248|66.79.136.240|17|48053|123|dc87d19b2999029a|dc87d19b7eb40152|d8dafeca|1c|1c,,
null|null|0x0800|192.168.1.248|208.38.213.148|17|35754|123|dc8094494a1cac08|dc809449a6eb927c|ac10b601|1c|1c,,
null|null|0x0800|27.124.125.252|192.168.1.248|17|123|60163|dc7d90283519ce07|dc7d902844d4bdb6|da642b46|1c|1c,,
null|null|0x0800|130.95.13.1|192.168.1.248|17|123|33447|dc7d86723dc15097|dc7d86728be2cece|cb87b87b|1c|1c,,
null|null|0x0800|45.33.84.208|192.168.1.248|17|123|53700|dc7e9832b66266fd|dc7e98330fbbe8bf|d133a1ee|1c|1c,,
null|null|0x0800|192.168.1.248|12.71.198.242|17|47649|123|dc7f95597c5857af|dc7f9559f11343a9|47139082|1c|1c,,
null|null|0x0800|192.168.1.248|199.102.46.78|17|55401|123|dc7feb883a220bc3|dc7feb8891e7c736|47505300|1c|1c,,
null|null|0x0800|192.168.1.248|97.107.128.58|17|46652|123|dc877d3a26514c22|dc877d3a9ed0b28a|d133a1ee|1c|1c,,
null|null|0x0800|192.168.1.248|129.250.35.251|17|53150|123|dc7f40f8f5b5fa22|dc7f40f937c42200|f9e063d5|1c|1c,,
null|null|0x0800|192.168.1.248|199.102.46.75|17|32930|123|dc7eec9850fa26a2|dc7eec98afe1c177|47505300|1c|1c,,
null|null|0x0800|192.168.1.248|192.189.54.33|17|60603|123|dc81916c45c7abfb|dc81916c8b83e000|cb2353f2|1c|1c,,
null|null|0x0800|54.252.129.186|192.168.1.248|17|123|41358|dc7d8b4113f4fd6d|dc7d8b412b65fb62|dffc2009|1c|1c,,
null|null|0x0800|66.228.59.187|192.168.1.248|17|123|35858|dc852e8a0708ede5|dc852e8a77bbeddd|89921c55|1c|1c,,
null|null|0x0800|61.216.153.104|192.168.1.248|17|123|52490|dc7d8bfb65781c71|dc7d8bfb8e084f3c|3ea1389e|1c|1c,,
null|null|0x0800|192.168.1.248|46.19.96.19|17|54932|123|dc7d8c802cfecdd0|dc7d8c804e9d6240|2accb39f|1c|1c,,
null|null|0x0800|192.168.1.248|129.250.35.250|17|40063|123|dc81e5cd1a4894c4|dc81e5cd60aa16a6|f9e063d5|1c|1c,,
null|null|0x0800|192.168.1.248|198.60.22.240|17|58895|123|dc803fe8b90ba626|dc803fe90ed872ce|584d4953|1c|1c,,
null|null|0x0800|216.6.2.70|192.168.1.248|17|123|54326|dc911ed8586a6e32|dc911ed8c506a39d|3a948c57|1c|1c,,
null|null|0x0800|192.168.1.248|220.233.156.30|17|34492|123|dc8bc90f6d50dae3|dc8bc90f775b6783|50505300|1c|1c,,
null|null|0x0800|192.168.1.248|72.14.183.239|17|47075|123|dc8c817e1baf965b|dc8c817e8a179b01|d8dafeca|1c|1c,,
null|null|0x0800|202.60.94.11|192.168.1.248|17|123|55485|dc8925f8bcd8127b|dc8925f90595fc1f|dffc2009|1c|1c,,
null|null|0x0800|192.189.54.33|192.168.1.248|17|123|58713|dc8cd5deed0ea9e6|dc8cd5df317ec000|cb2353f2|1c|1c,,
null|null|0x0800|192.168.1.248|129.250.35.251|17|50742|123|dc8c2d1d66846a5d|dc8c2d1da7edc5df|f9e063d5|1c|1c,,
null|null|0x0800|61.216.153.104|192.168.1.248|17|123|48961|dc8fcd50ad757d5a|dc8fcd50e8cae62a|76a3513e|1c|1c,,
null|null|0x0800|129.250.35.251|192.168.1.248|17|123|44487|dc90ca77a3add15f|dc90ca77ebb490a0|f9e063d5|1c|1c,,
null|null|0x0800|192.168.1.248|13.55.50.68|17|57387|123|dc8e27665f08feac|dc8e2766a5a95254|36ce6dbb|1c|1c,,
null|null|0x0800|204.2.134.164|192.168.1.248|17|123|56836|dc88b8e90cd85597|dc88b8e96407d969|2c18c722|1c|1c,,
null|null|0x0800|27.124.125.251|192.168.1.248|17|123|51130|dc8e7bc703d20f2b|dc8e7bc74afb5c68|67f24445|1c|1c,,
null|null|0x0800|192.168.1.248|129.250.35.251|17|43637|123|dc8ed027a9a6f826|dc8ed027f0c6288d|f9e063d5|1c|1c,,
null|null|0x0800|192.168.1.248|27.114.150.12|17|35516|123|dc8f248ddb532e7b|dc8f248e70782c09|c1bee641|1c|1c,,
null|null|0x0800|192.168.1.248|130.95.13.1|17|57093|123|dc8bd8bcbea48733|dc8bd8bcd6dcb412|cb87b87b|1c|1c,,
null|null|0x0800|192.168.1.248|203.23.237.200|17|44580|123|dc907616ff3f9618|dc907617451eafb7|cb2353f2|1c|1c,,
null|null|0x0800|192.168.1.248|27.124.125.250|17|55677|123|dc8dd3059dd8f92a|dc8dd305eb105663|da642b46|1c|1c,,
null|null|0x0800|61.216.153.104|192.168.1.248|17|123|38558|dc8f78ef2fba450a|dc8f78efe3d13708|d316679d|1c|1c,,
null|null|0x0800|208.75.88.4|192.168.1.248|17|123|46110|dc92c2ebfbefae79|dc92c2ec551c17ff|c63c16f0|1c|1c,,
null|null|0x0800|192.168.1.248|203.7.149.150|17|34696|123|dc8d7ea4e1c8754f|dc8d7ea5255dab8a|ca068376|1c|1c,,
null|null|0x0800|192.168.1.248|4.53.160.75|17|45180|123|dc91733964db9c73|dc917339c34afa7b|40712005|1c|1c,,
null|null|0x0800|220.233.156.30|192.168.1.248|17|123|55939|dc926e8b62ee5258|dc926e8ba4638f51|50505300|1c|1c,,
null|null|0x0800|206.71.252.18|192.168.1.248|17|123|33484|dc91c79a3d09aed5|dc91c79aa5b91e9f|2d4fb664|1c|1c,,
null|null|0x0800|211.233.40.78|192.168.1.248|17|123|44727|dc897a5eb444ae85|dc897a5f1d595bf9|cc7b0205|1c|1c,,
null|null|0x0800|192.168.1.248|27.124.125.250|17|46456|123|dc9021b18d540032|dc9021b1d02c93e5|da642b46|1c|1c,,
null|null|0x0800|192.168.1.248|203.122.222.149|17|41657|123|dc8d2a3f6e2b7bae|dc8d2a3fb7a6c0cc|cb7ae627|1c|1c,,
null|null|0x0800|192.168.1.248|121.0.0.41|17|45543|123|dc89cebf980d5e8d|dc89cebfe2996fff|ca3c5e0f|1c|1c,,
null|null|0x0800|192.168.1.248|61.216.153.106|17|60803|123|dc99061f90b09e98|dc99061fce150ffc|76a3513e|1c|1c,,
null|null|0x0800|192.168.1.248|97.107.128.58|17|38929|123|dc976035aac61522|dc97603610293341|c862c4d4|1c|1c,,
null|null|0x0800|192.168.1.248|203.114.73.24|17|56992|123|dc97b496986db50f|dc97b496df01d4ae|ca2eb212|1c|1c,,
null|null|0x0800|202.60.94.11|192.168.1.248|17|123|59163|dc970bd538b8ae31|dc970bd58195151a|dffc2009|1c|1c,,
null|null|0x0800|203.213.88.59|192.168.1.248|17|123|44394|dc99aee5adc25d07|dc99aee5fe7296ad|73bb9f02|1c|1c,,
null|null|0x0800|192.168.1.248|203.114.73.24|17|58297|123|dc9468cffcea1837|dc9468d03ea36488|ca2eb212|1c|1c,,
null|null|0x0800|203.213.88.59|192.168.1.248|17|123|38308|dc93c00e5c845132|dc93c00eaa666c4b|73bb9f02|1c|1c,,
null|null|0x0800|192.168.1.248|54.252.129.186|17|44597|123|dc936bad89b04684|dc936badc31dee4c|ca068376|1c|1c,,
null|null|0x0800|192.168.1.248|203.23.237.200|17|33955|123|dc94146f5e6362a5|dc94146fd6310315|cb2353f2|1c|1c,,
null|null|0x0800|192.168.1.248|103.51.68.133|17|39819|123|dc96b77492d35222|dc96b774dbf3ecfb|50505300|5c|5c,,
null|null|0x0800|220.233.156.30|192.168.1.248|17|123|51039|dc985d57e44ad794|dc985d5826e94573|50505300|1c|1c,,
null|null|0x0800|192.168.1.248|104.131.53.252|17|34083|123|dc93174cb406af46|dc93174d1bff46fa|d133a1ee|1c|1c,,
null|null|0x0800|59.167.252.133|192.168.1.248|17|123|51378|dc9663140df2239e|dc96631456e60fd8|cb2353f2|1c|1c,,
null|null|0x0800|192.189.54.33|192.168.1.248|17|123|56058|dc94bd3085ac471b|dc94bd30cc011000|c0bd3611|1c|1c,,
null|null|0x0800|59.167.170.228|192.168.1.248|17|123|59300|dc95ba52776f08cc|dc95ba52bd6a4b62|ca068376|1c|1c,,
null|null|0x0800|103.51.68.133|192.168.1.248|17|123|51356|dc95119123e89a88|dc951191709dbc17|50505300|5c|5c,,
null|null|0x0800|204.2.134.164|192.168.1.248|17|123|50263|dc9565f1aae0d23d|dc9565f205eb64a8|446e09df|1c|1c,,
null|null|0x0800|110.141.196.84|192.168.1.248|17|123|46925|dc995a8524605681|dc995a85643ea625|50505300|1c|1c,,
null|null|0x0800|192.168.1.248|114.34.54.125|17|47692|123|dc98b1be42858793|dc98b1befbe763b5|76a3513d|1c|1c,,
null|null|0x0800|212.26.18.41|192.168.1.248|17|123|51039|dc985d5d4df17bd8|dc985d5dc1c4a7c1|d133a1ee|1c|1c,,
null|null|0x0800|203.23.237.200|192.168.1.248|17|123|53750|dc9808f722eac860|dc9808f768977792|cb2353f2|1c|1c,,
null|null|0x0800|192.168.1.248|121.0.0.42|17|49248|123|dc960eb35c66a11e|dc960eb3a4562fff|cb87b87b|1c|1c,,
