srcMac,,, dstMac,,, ethType,,, srcIp,,, dstIp,,, ipProto,,, srcPort,,, dstPort,,,origin timestamp,,,transmit timestamp,,,reference id,,,server version,,,server mode,,
null,,,null,,,0x0800,,,192.168.1.152,,,59.125.122.217,,,17,,,123,,,123,,,dbd5ba4300000000,,,dbd5ba43cb47498b,,,47505300,,,1c,,,1c,,
null,,,null,,,0x0800,,,203.19.252.4,,,192.168.1.152,,,17,,,123,,,123,,,dbd8796600000000,,,dbd87966f60202a1,,,cb2353f2,,,1c,,,1c,,
null,,,null,,,0x0800,,,45.79.111.114,,,192.168.1.152,,,17,,,123,,,123,,,dbe71a8900000000,,,dbe71a89dd7aea5f,,,7f43715c,,,1c,,,1c,,
null,,,null,,,0x0800,,,192.168.1.152,,,129.250.35.250,,,17,,,123,,,123,,,dbcf7c1900000000,,,dbcf7c19cfa7de79,,,85f3eef3,,,1c,,,1c,,
null,,,null,,,0x0800,,,209.123.234.43,,,192.168.1.152,,,17,,,123,,,123,,,dbdbe6eb00000000,,,dbdbe6ebe088559b,,,8e42650d,,,1c,,,1c,,
null,,,null,,,0x0800,,,216.75.56.132,,,192.168.1.152,,,17,,,123,,,123,,,dbec599600000000,,,dbec5996f0d3abcb,,,84ef0106,,,1c,,,1c,,
null,,,null,,,0x0800,,,192.168.1.152,,,176.9.82.67,,,17,,,123,,,123,,,dbd5c85800000000,,,dbd5c858f10cf765,,,d5efefa5,,,1c,,,1c,,
null,,,null,,,0x0800,,,45.127.112.2,,,192.168.1.152,,,17,,,123,,,123,,,dbe309e400000000,,,dbe309e4efff558e,,,9514401c,,,1c,,,1c,,
null,,,null,,,0x0800,,,78.46.204.247,,,192.168.1.152,,,17,,,123,,,123,,,dbdb05ea00000000,,,dbdb05eadfb1272c,,,34ef7931,,,1c,,,1c,,
null,,,null,,,0x0800,,,192.155.81.203,,,192.168.1.152,,,17,,,123,,,123,,,dbdcabcc00000000,,,dbdcabccc6fea715,,,26e54701,,,1c,,,1c,,
null,,,null,,,0x0800,,,192.168.1.152,,,150.101.176.226,,,17,,,123,,,123,,,83aa7e8300000000,,,dbcfb358ecb04ab6,,,67ef0816,,,1c,,,1c,,
null,,,null,,,0x0800,,,50.18.44.198,,,192.168.1.152,,,17,,,123,,,123,,,dc62228f00000000,,,dc6222912514133c,,,c00c1314,,,1c,,,1c,,
null,,,null,,,0x0800,,,67.18.187.111,,,192.168.1.152,,,17,,,123,,,123,,,dbe4e80700000000,,,dbe4e80740ed6912,,,42e43bbb,,,1c,,,1c,,
null,,,null,,,0x0800,,,192.168.1.152,,,202.22.158.30,,,17,,,123,,,123,,,dbeac1c400000000,,,dbeac1c4f9986ce4,,,d8dac0ca,,,1c,,,1c,,
null,,,null,,,0x0800,,,192.168.1.152,,,213.239.154.12,,,17,,,123,,,123,,,dbe1b86300000000,,,dbe1b863858e0e2a,,,d58800fc,,,1c,,,1c,,
null,,,null,,,0x0800,,,192.168.1.152,,,198.60.22.240,,,17,,,123,,,123,,,dbe1feb300000000,,,dbe1feb3c80a2319,,,584d4953,,,1c,,,1c,,
null,,,null,,,0x0800,,,192.168.1.152,,,64.113.44.54,,,17,,,123,,,123,,,dbd2deff00000000,,,dbd2deff80dc9cd7,,,6b505053,,,1c,,,1c,,
null,,,null,,,0x0800,,,203.100.61.10,,,192.168.1.152,,,17,,,123,,,123,,,dbcf51e900000000,,,dbcf51e9a3818d8b,,,50505300,,,1c,,,1c,,
null,,,null,,,0x0800,,,192.168.1.152,,,104.155.144.4,,,17,,,123,,,123,,,dbe6fe6900000000,,,dbe6fe69bd457248,,,c652f733,,,1c,,,1c,,
null,,,null,,,0x0800,,,192.168.1.152,,,203.123.77.111,,,17,,,123,,,123,,,dbd67f2400000000,,,dbd67f2497883141,,,50505300,,,1c,,,1c,,
null,,,null,,,0x0800,,,192.168.1.152,,,54.252.165.245,,,17,,,123,,,123,,,dbcfeb9e00000000,,,dbcfeb9e9d5b9c8d,,,ca15890a,,,1c,,,1c,,
null,,,null,,,0x0800,,,60.241.92.80,,,192.168.1.152,,,17,,,123,,,123,,,dbcfc16e00000000,,,dbcfc16e71190f69,,,82c20a96,,,1c,,,1c,,
null,,,null,,,0x0800,,,192.168.1.152,,,61.216.153.107,,,17,,,123,,,123,,,dbe009e900000000,,,dbe009e989bafe09,,,d316679d,,,1c,,,1c,,
null,,,null,,,0x0800,,,77.245.18.26,,,192.168.1.152,,,17,,,123,,,123,,,dbdaa37f00000000,,,dbdaa37f6dd4d179,,,c0216066,,,1c,,,1c,,
null,,,null,,,0x0800,,,69.167.160.102,,,192.168.1.152,,,17,,,123,,,123,,,dbe44d5600000000,,,dbe44d56885be711,,,ac528633,,,1c,,,1c,,
null,,,null,,,0x0800,,,66.228.42.59,,,192.168.1.152,,,17,,,123,,,123,,,dbe0f38200000000,,,dbe0f38291261e3e,,,d3acf2ae,,,1c,,,1c,,
null,,,null,,,0x0800,,,138.236.128.112,,,192.168.1.152,,,17,,,123,,,123,,,dbe590c700000000,,,dbe590c80736c490,,,121a0469,,,1c,,,1c,,
null,,,null,,,0x0800,,,52.0.56.137,,,192.168.1.152,,,17,,,123,,,123,,,dbdd548d00000000,,,dbdd548d99562b9c,,,c652f76c,,,1c,,,1c,,
null,,,null,,,0x0800,,,192.168.1.152,,,192.189.54.17,,,17,,,123,,,123,,,dbd2566100000000,,,dbd2566190dcd000,,,825fb350,,,1c,,,1c,,
null,,,null,,,0x0800,,,192.168.1.152,,,45.114.116.62,,,17,,,123,,,123,,,dbd023de00000000,,,dbd023dee1884deb,,,ca2eb212,,,1c,,,1c,,
null,,,null,,,0x0800,,,159.203.8.72,,,192.168.1.152,,,17,,,123,,,123,,,dbdb5a4a00000000,,,dbdb5a4b378d6d9d,,,c00529d1,,,1c,,,1c,,
null,,,null,,,0x0800,,,192.168.1.152,,,67.4.147.175,,,17,,,123,,,123,,,dbe8c06b00000000,,,dbe8c06bd8f69232,,,cc22c628,,,1c,,,1c,,
null,,,null,,,0x0800,,,193.145.15.15,,,192.168.1.152,,,17,,,123,,,123,,,dbee61e900000000,,,dbee61e9789caed0,,,c1936b21,,,1c,,,1c,,
null,,,null,,,0x0800,,,220.233.156.30,,,192.168.1.152,,,17,,,123,,,123,,,dbcfdd9300000000,,,dbcfdd938e822a5a,,,50505300,,,1c,,,1c,,
null,,,null,,,0x0800,,,192.168.1.152,,,195.83.66.158,,,17,,,123,,,123,,,dbdabf9a00000000,,,dbdabf9a962081b4,,,c134d403,,,1c,,,1c,,
null,,,null,,,0x0800,,,192.168.1.152,,,150.101.217.196,,,17,,,123,,,123,,,dbde9c4700000000,,,dbde9c47b34c2986,,,50505300,,,1c,,,1c,,
null,,,null,,,0x0800,,,198.58.110.84,,,192.168.1.152,,,17,,,123,,,123,,,dbcff9ae00000000,,,dbcff9aec4642939,,,cc7b0205,,,1c,,,1c,,
null,,,null,,,0x0800,,,192.168.1.152,,,61.216.153.104,,,17,,,123,,,123,,,dbe582b700000000,,,dbe582b803dad631,,,76a3513e,,,1c,,,1c,,
null,,,null,,,0x0800,,,103.226.213.30,,,192.168.1.152,,,17,,,123,,,123,,,83aa7e8a00000000,,,dbcf19a3fb5c34b7,,,50505300,,,1c,,,1c,,
null,,,null,,,0x0800,,,192.168.1.152,,,52.6.160.3,,,17,,,123,,,123,,,dc62a12100000000,,,dc62a121c7f1b1dc,,,d133a1ee,,,1c,,,1c,,
null,,,null,,,0x0800,,,61.216.153.105,,,192.168.1.152,,,17,,,123,,,123,,,dbdf7d4800000000,,,dbdf7d48e18dc099,,,d316679e,,,1c,,,1c,,
null,,,null,,,0x0800,,,37.120.178.110,,,192.168.1.152,,,17,,,123,,,123,,,dbe2531300000000,,,dbe253143f48ca70,,,904c1476,,,1c,,,1c,,
null,,,null,,,0x0800,,,173.255.215.209,,,192.168.1.152,,,17,,,123,,,123,,,dbdb4c3a00000000,,,dbdb4c3b21a45436,,,7f43715c,,,1c,,,1c,,
null,,,null,,,0x0800,,,192.168.1.152,,,216.218.254.202,,,17,,,123,,,123,,,dbdc111b00000000,,,dbdc111c0d1c97f3,,,43444d41,,,1c,,,1c,,
null,,,null,,,0x0800,,,173.255.140.30,,,192.168.1.152,,,17,,,123,,,123,,,dbed64c800000000,,,dbed64c82fa29b35,,,d8dafeca,,,1c,,,1c,,
null,,,null,,,0x0800,,,204.2.134.163,,,192.168.1.152,,,17,,,123,,,123,,,dbdd1c4d00000000,,,dbdd1c4d5ae58d7b,,,446e09df,,,1c,,,1c,,
null,,,null,,,0x0800,,,192.168.1.152,,,192.36.143.130,,,17,,,123,,,123,,,dbd53bb200000000,,,dbd53bb337e8202d,,,50505300,,,1c,,,1c,,
null,,,null,,,0x0800,,,192.168.1.152,,,97.107.128.58,,,17,,,123,,,123,,,dbe07a6900000000,,,dbe07a6a006c3878,,,d133a1ee,,,1c,,,1c,,
null,,,null,,,0x0800,,,213.206.164.3,,,192.168.1.152,,,17,,,123,,,123,,,dbcf8a2e00000000,,,dbcf8a2eff383a05,,,d5cea417,,,1c,,,1c,,
null,,,null,,,0x0800,,,110.142.45.122,,,192.168.1.152,,,17,,,123,,,123,,,dbcf27b900000000,,,dbcf27b97212262f,,,9665d9c4,,,1c,,,1c,,
null,,,null,,,0x0800,,,192.168.1.152,,,168.63.242.24,,,17,,,123,,,123,,,dbecd82700000000,,,dbecd8279654172d,,,ca9c0022,,,1c,,,1c,,
null,,,null,,,0x0800,,,192.168.1.152,,,89.111.54.85,,,17,,,123,,,123,,,dbeb789500000000,,,dbeb7895f5c0dcb0,,,c0249017,,,1c,,,1c,,
null,,,null,,,0x0800,,,59.167.170.228,,,192.168.1.152,,,17,,,123,,,123,,,dc63035000000000,,,dc630350e02ac944,,,cb2353f2,,,1c,,,1c,,
null,,,null,,,0x0800,,,192.168.1.152,,,103.236.162.131,,,17,,,123,,,123,,,dc623eb100000000,,,dc623eb1350ea568,,,82eaff53,,,1c,,,1c,,
null,,,null,,,0x0800,,,212.92.16.193,,,192.168.1.152,,,17,,,123,,,123,,,83aa7e8300000000,,,dbe9e99d8a9678ec,,,c035676c,,,1c,,,1c,,
null,,,null,,,0x0800,,,69.89.207.199,,,192.168.1.152,,,17,,,123,,,123,,,dbe4697600000000,,,dbe46976a8bc63b9,,,50103aa3,,,1c,,,1c,,
null,,,null,,,0x0800,,,72.5.72.15,,,192.168.1.152,,,17,,,123,,,123,,,dbe3eae500000000,,,dbe3eae60fdf24e7,,,a2d502fd,,,1c,,,1c,,
null,,,null,,,0x0800,,,84.2.46.19,,,192.168.1.152,,,17,,,123,,,123,,,dbe914cc00000000,,,dbe914cc514fbfff,,,0a144b8c,,,5c,,,5c,,
null,,,null,,,0x0800,,,199.188.48.60,,,192.168.1.152,,,17,,,123,,,123,,,dbe655a800000000,,,dbe655a8f6240cc4,,,82cff4f0,,,1c,,,1c,,
null,,,null,,,0x0800,,,192.168.1.152,,,193.219.61.110,,,17,,,123,,,123,,,dbe9f3f100000000,,,dbe9f3f1749aad04,,,47505300,,,1c,,,1c,,
null,,,null,,,0x0800,,,78.46.93.106,,,192.168.1.152,,,17,,,123,,,123,,,dbcfcf7e00000000,,,dbcfcf7ea4b8c1fc,,,c1434fca,,,1c,,,1c,,
null,,,null,,,0x0800,,,192.168.1.152,,,208.75.88.4,,,17,,,123,,,123,,,dbe0422900000000,,,dbe04229b7460fff,,,2b4d82fe,,,1c,,,1c,,
null,,,null,,,0x0800,,,192.168.1.152,,,162.213.2.253,,,17,,,123,,,123,,,dbe0ad3200000000,,,dbe0ad323a20ff55,,,43444d41,,,1c,,,1c,,
null,,,null,,,0x0800,,,178.32.216.71,,,192.168.1.152,,,17,,,123,,,123,,,dbdfedc900000000,,,dbdfedc96741ea35,,,91eecb0a,,,1c,,,1c,,
null,,,null,,,0x0800,,,45.79.109.111,,,192.168.1.152,,,17,,,123,,,123,,,dbeba2c500000000,,,dbeba2c61406f7a4,,,d8dafeca,,,1c,,,1c,,
null,,,null,,,0x0800,,,38.229.71.1,,,192.168.1.152,,,17,,,123,,,123,,,dbe5204700000000,,,dbe5204784572df9,,,cc093677,,,1c,,,1c,,
null,,,null,,,0x0800,,,173.71.69.90,,,192.168.1.152,,,17,,,123,,,123,,,dbdbd8e000000000,,,dbdbd8e0d1b205b5,,,50505300,,,1c,,,1c,,
null,,,null,,,0x0800,,,192.168.1.152,,,128.113.28.67,,,17,,,123,,,123,,,dbe139d200000000,,,dbe139d2e547bd2d,,,121a0469,,,1c,,,1c,,
null,,,null,,,0x0800,,,192.168.1.152,,,50.116.38.157,,,17,,,123,,,123,,,dbd9cae800000000,,,dbd9cae8a9ac17df,,,d133a1ee,,,1c,,,1c,,
null,,,null,,,0x0800,,,27.124.125.251,,,192.168.1.152,,,17,,,123,,,123,,,dbd0b07f00000000,,,dbd0b07f914c6de8,,,82d9e231,,,1c,,,1c,,
null,,,null,,,0x0800,,,97.107.129.217,,,192.168.1.152,,,17,,,123,,,123,,,83aa7e8300000000,,,dbde0aaf764e85c7,,,c862c4d4,,,1c,,,1c,,
null,,,null,,,0x0800,,,192.168.1.152,,,206.108.0.133,,,17,,,123,,,123,,,dbd9aec800000000,,,dbd9aec885484dd2,,,c0a864fc,,,1c,,,1c,,
null,,,null,,,0x0800,,,192.168.1.152,,,27.124.125.250,,,17,,,123,,,123,,,dbd12f0f00000000,,,dbd12f102a89d3a4,,,112e63cc,,,1c,,,1c,,
null,,,null,,,0x0800,,,110.22.136.248,,,192.168.1.152,,,17,,,123,,,123,,,dbd21e2100000000,,,dbd21e2147f96757,,,47505300,,,24,,,24,,
null,,,null,,,0x0800,,,192.168.1.152,,,129.250.35.251,,,17,,,123,,,123,,,dbd007be00000000,,,dbd007becc4b28a2,,,f9e063d5,,,1c,,,1c,,
null,,,null,,,0x0800,,,96.126.100.203,,,192.168.1.152,,,17,,,123,,,123,,,dbd4d94200000000,,,dbd4d942ad6a10ba,,,7f43715c,,,1c,,,1c,,
null,,,null,,,0x0800,,,192.168.1.152,,,103.76.40.132,,,17,,,123,,,123,,,dbe43f4600000000,,,dbe43f466516dcc1,,,1b7c7dfb,,,1c,,,1c,,
null,,,null,,,0x0800,,,23.239.26.89,,,192.168.1.152,,,17,,,123,,,123,,,dbe017f900000000,,,dbe017f987d6fd07,,,c0a8cc3c,,,1c,,,1c,,
null,,,null,,,0x0800,,,192.168.1.152,,,152.2.133.53,,,17,,,123,,,123,,,dbe744b900000000,,,dbe744ba19cf0e0d,,,50505300,,,1c,,,1c,,
null,,,null,,,0x0800,,,104.156.232.147,,,192.168.1.152,,,17,,,123,,,123,,,dc62d92000000000,,,dc62d920ad71b1a8,,,8a60400a,,,1c,,,1c,,
null,,,null,,,0x0800,,,103.76.40.142,,,192.168.1.152,,,17,,,123,,,123,,,dbe8099a00000000,,,dbe8099ae9da50e6,,,cb0e00fa,,,1c,,,1c,,
null,,,null,,,0x0800,,,138.68.2.126,,,192.168.1.152,,,17,,,123,,,123,,,dbdab18a00000000,,,dbdab18a697a76da,,,743166d5,,,1c,,,1c,,
null,,,null,,,0x0800,,,192.187.114.131,,,192.168.1.152,,,17,,,123,,,123,,,dbe5c90700000000,,,dbe5c9084be8494e,,,c7662e46,,,1c,,,1c,,
null,,,null,,,0x0800,,,192.168.1.152,,,132.163.4.101,,,17,,,123,,,123,,,dbe4f61700000000,,,dbe4f6174f70a31e,,,41435453,,,1c,,,1c,,
null,,,null,,,0x0800,,,192.168.1.152,,,195.46.37.22,,,17,,,123,,,123,,,dbd4bd2200000000,,,dbd4bd229e81c091,,,05e262ba,,,1c,,,1c,,
null,,,null,,,0x0800,,,192.168.1.152,,,45.79.1.70,,,17,,,123,,,123,,,dbe6e24900000000,,,dbe6e2499b35d637,,,81070142,,,1c,,,1c,,
null,,,null,,,0x0800,,,173.208.177.234,,,192.168.1.152,,,17,,,123,,,123,,,dbdf0cc800000000,,,dbdf0cc84c2800fb,,,c63c16f0,,,1c,,,1c,,
null,,,null,,,0x0800,,,192.168.1.152,,,103.38.120.36,,,17,,,123,,,123,,,dbd1594000000000,,,dbd159405645e5e1,,,cb2353f2,,,1c,,,1c,,
null,,,null,,,0x0800,,,192.168.1.152,,,203.122.222.149,,,17,,,123,,,123,,,dbcef48f00000000,,,dbcef48fe07cf503,,,112e63cc,,,1c,,,1c,,
null,,,null,,,0x0800,,,192.168.1.152,,,203.7.149.149,,,17,,,123,,,123,,,dc6276f100000000,,,dc6276f1790a10c0,,,cb2353f2,,,1c,,,1c,,
null,,,null,,,0x0800,,,192.168.1.152,,,198.211.106.151,,,17,,,123,,,123,,,dbd6c57400000000,,,dbd6c575013f60b6,,,ada2c09c,,,1c,,,1c,,
null,,,null,,,0x0800,,,192.168.1.152,,,203.23.237.200,,,17,,,123,,,123,,,dbd4cb3200000000,,,dbd4cb32856e2fb3,,,cb2353f2,,,1c,,,1c,,
null,,,null,,,0x0800,,,192.168.1.152,,,204.11.201.12,,,17,,,123,,,123,,,dbe5669700000000,,,dbe56697d7b5ce59,,,836b0d64,,,1c,,,1c,,
null,,,null,,,0x0800,,,130.102.128.23,,,192.168.1.152,,,17,,,123,,,123,,,dbd45ab100000000,,,dbd45ab201b358c9,,,d8dac0ca,,,1c,,,1c,,
null,,,null,,,0x0800,,,192.168.1.152,,,204.2.134.162,,,17,,,123,,,123,,,dbe9a16c00000000,,,dbe9a16ce851fead,,,446e09df,,,1c,,,1c,,
null,,,null,,,0x0800,,,192.168.1.152,,,195.21.137.209,,,17,,,123,,,123,,,dbe0c95200000000,,,dbe0c95272fa027d,,,c342f103,,,1c,,,1c,,
null,,,null,,,0x0800,,,212.59.0.1,,,192.168.1.152,,,17,,,123,,,123,,,dbdc3b4b00000000,,,dbdc3b4c55fd8283,,,d43b0303,,,1c,,,1c,,
null,,,null,,,0x0800,,,192.168.1.152,,,220.237.117.161,,,17,,,123,,,123,,,dbe906bc00000000,,,dbe906bc1838e5a6,,,ca2ebf7b,,,1c,,,1c,,
null,,,null,,,0x0800,,,69.30.225.94,,,192.168.1.152,,,17,,,123,,,123,,,dbe760da00000000,,,dbe760da36460858,,,80656565,,,1c,,,1c,,
null,,,null,,,0x0800,,,192.168.1.152,,,46.8.40.31,,,17,,,123,,,123,,,dbe817aa00000000,,,dbe817ab279b61b2,,,5be2888e,,,1c,,,1c,,
null,,,null,,,0x0800,,,192.168.1.152,,,208.88.126.226,,,17,,,123,,,123,,,dbe60f5800000000,,,dbe60f58a5823382,,,8e42650d,,,1c,,,1c,,
null,,,null,,,0x0800,,,192.168.1.152,,,4.53.160.75,,,17,,,123,,,123,,,dbdeaa5700000000,,,dbdeaa57d70a2a5e,,,8e42650d,,,1c,,,1c,,
null,,,null,,,0x0800,,,136.243.177.133,,,192.168.1.152,,,17,,,123,,,123,,,dbd5d66300000000,,,dbd5d663ee4f4868,,,83bc03df,,,1c,,,1c,,
null,,,null,,,0x0800,,,108.61.73.243,,,192.168.1.152,,,17,,,123,,,123,,,dbe5588700000000,,,dbe55887c7f7afc0,,,d133a1ee,,,1c,,,1c,,
null,,,null,,,0x0800,,,192.189.54.33,,,192.168.1.152,,,17,,,123,,,123,,,dbd19f9500000000,,,dbd19f95aee33000,,,825fb350,,,1c,,,1c,,
null,,,null,,,0x0800,,,192.168.1.152,,,203.206.205.83,,,17,,,123,,,123,,,dc63116000000000,,,dc631160f67569ae,,,d209c032,,,1c,,,1c,,
null,,,null,,,0x0800,,,79.142.192.130,,,192.168.1.152,,,17,,,123,,,123,,,dbd492f200000000,,,dbd492f276b3d911,,,2fbbae33,,,1c,,,1c,,
null,,,null,,,0x0800,,,192.168.1.152,,,203.122.220.204,,,17,,,123,,,123,,,dbd6630400000000,,,dbd66304777cad15,,,67334485,,,1c,,,1c,,
null,,,null,,,0x0800,,,192.168.1.152,,,117.56.223.235,,,17,,,123,,,123,,,dbed9d0800000000,,,dbed9d08838622bf,,,3b7c1df1,,,1c,,,1c,,
null,,,null,,,0x0800,,,192.168.1.152,,,198.55.111.50,,,17,,,123,,,123,,,dbe7a72a00000000,,,dbe7a72a876332ee,,,d04b5804,,,1c,,,1c,,
null,,,null,,,0x0800,,,192.168.1.152,,,202.60.94.15,,,17,,,123,,,123,,,dc6365c100000000,,,dc6365c1600ff038,,,dffc2009,,,1c,,,1c,,
null,,,null,,,0x0800,,,192.168.1.152,,,211.79.171.1,,,17,,,123,,,123,,,dbe1c67300000000,,,dbe1c67389b5e571,,,76a3513e,,,1c,,,1c,,
null,,,null,,,0x0800,,,192.168.1.152,,,52.63.147.200,,,17,,,123,,,123,,,dbd93e4700000000,,,dbd93e47e57c3df0,,,9665d9c4,,,1c,,,1c,,
null,,,null,,,0x0800,,,192.168.1.152,,,76.191.88.3,,,17,,,123,,,123,,,dbe2a77400000000,,,dbe2a77490f4a41a,,,c63c16f0,,,1c,,,1c,,
null,,,null,,,0x0800,,,192.168.1.152,,,74.120.8.2,,,17,,,123,,,123,,,dbd2485100000000,,,dbd248519350a0c8,,,80040101,,,1c,,,1c,,
null,,,null,,,0x0800,,,185.82.232.254,,,192.168.1.152,,,17,,,123,,,123,,,dbdbaeab00000000,,,dbdbaeabad7b5a0e,,,3e70c337,,,1c,,,1c,,
null,,,null,,,0x0800,,,192.168.1.152,,,78.46.53.8,,,17,,,123,,,123,,,dbda578900000000,,,dbda57895b1a4720,,,83bc03dc,,,1c,,,1c,,
null,,,null,,,0x0800,,,192.168.1.152,,,198.23.200.19,,,17,,,123,,,123,,,dbd69b4400000000,,,dbd69b44d4db766d,,,c1a29fc2,,,1c,,,1c,,
null,,,null,,,0x0800,,,192.168.1.152,,,103.51.68.133,,,17,,,123,,,123,,,dbd0945f00000000,,,dbd0945f6ef0a84d,,,50505300,,,1c,,,1c,,
null,,,null,,,0x0800,,,66.228.48.38,,,192.168.1.152,,,17,,,123,,,123,,,dbe8b25b00000000,,,dbe8b25bc9d2a8b9,,,84ef0106,,,1c,,,1c,,
null,,,null,,,0x0800,,,192.168.1.152,,,92.222.82.98,,,17,,,123,,,123,,,dbdeb86700000000,,,dbdeb867f81458ff,,,91eecb0e,,,1c,,,1c,,
null,,,null,,,0x0800,,,192.168.1.152,,,109.75.177.149,,,17,,,123,,,123,,,dbd557d800000000,,,dbd557d857ee397f,,,83bc03dd,,,1c,,,1c,,
null,,,null,,,0x0800,,,192.168.1.152,,,50.22.155.163,,,17,,,123,,,123,,,dbeb5c7500000000,,,dbeb5c75c00e448e,,,d133a1ee,,,1c,,,1c,,
null,,,null,,,0x0800,,,192.168.1.152,,,103.18.128.60,,,17,,,123,,,123,,,dbcf10af00000000,,,dbcf10b0255b6e79,,,8c7002bd,,,1c,,,1c,,
null,,,null,,,0x0800,,,193.228.143.23,,,192.168.1.152,,,17,,,123,,,123,,,dbdc495b00000000,,,dbdc495c6ee45080,,,c0249017,,,1c,,,1c,,
null,,,null,,,0x0800,,,128.138.141.172,,,192.168.1.152,,,17,,,123,,,123,,,dbd2728100000000,,,dbd27281c2ee92fd,,,4e495354,,,1c,,,1c,,
null,,,null,,,0x0800,,,192.168.1.152,,,66.79.136.235,,,17,,,123,,,123,,,dbe736a900000000,,,dbe736a9fcc2cb0e,,,d8dafeca,,,1c,,,1c,,
null,,,null,,,0x0800,,,192.168.1.152,,,150.101.221.106,,,17,,,123,,,123,,,dbe7d15a00000000,,,dbe7d15aa93ee6f4,,,cb7ade95,,,1c,,,1c,,
null,,,null,,,0x0800,,,192.168.1.152,,,193.225.118.130,,,17,,,123,,,123,,,dbd2809100000000,,,dbd28091e98d1fb6,,,b9db02d6,,,1c,,,1c,,
null,,,null,,,0x0800,,,192.168.1.152,,,121.0.0.41,,,17,,,123,,,123,,,dbcf35c900000000,,,dbcf35c97d2dd7ff,,,1b7c7dfc,,,1c,,,1c,,
null,,,null,,,0x0800,,,118.163.74.157,,,192.168.1.152,,,17,,,123,,,123,,,dbe3c0b500000000,,,dbe3c0b5ef44623a,,,0a00007b,,,1c,,,1c,,
null,,,null,,,0x0800,,,203.135.184.46,,,192.168.1.152,,,17,,,123,,,123,,,dbdd7ebd00000000,,,dbdd7ebdbe0e3407,,,47505300,,,24,,,24,,
null,,,null,,,0x0800,,,204.2.134.164,,,192.168.1.152,,,17,,,123,,,123,,,dbcf5ff900000000,,,dbcf5ff9c5844ce2,,,446e09df,,,1c,,,1c,,
null,,,null,,,0x0800,,,199.102.46.78,,,192.168.1.152,,,17,,,123,,,123,,,dbe5d71800000000,,,dbe5d7185c834376,,,47505300,,,1c,,,1c,,
null,,,null,,,0x0800,,,192.168.1.152,,,23.95.114.213,,,17,,,123,,,123,,,dc68d2e500000000,,,dc68d2e5a755ae71,,,2d7f7102,,,1c,,,1c,,
null,,,null,,,0x0800,,,50.116.52.97,,,192.168.1.152,,,17,,,123,,,123,,,dbe1721200000000,,,dbe1721327041a9e,,,c0052928,,,1c,,,1c,,
null,,,null,,,0x0800,,,192.168.1.152,,,13.55.50.68,,,17,,,123,,,123,,,dc6230a100000000,,,dc6230a12d70a975,,,36ce6dbb,,,1c,,,1c,,
null,,,null,,,0x0800,,,150.101.178.147,,,192.168.1.152,,,17,,,123,,,123,,,83aa7ebb00000000,,,dc62147eabe4942d,,,dffc2009,,,1c,,,1c,,
null,,,null,,,0x0800,,,192.168.1.152,,,198.58.105.63,,,17,,,123,,,123,,,dbd2c6e200000000,,,dbd2c6e2290b8923,,,8e42650d,,,1c,,,1c,,
null,,,null,,,0x0800,,,59.167.252.133,,,192.168.1.152,,,17,,,123,,,123,,,dbea514400000000,,,dbea51446c03a11e,,,cb2353f2,,,1c,,,1c,,
null,,,null,,,0x0800,,,216.218.220.101,,,192.168.1.152,,,17,,,123,,,123,,,83aa7e8300000000,,,dbe9f8caf9ea7f82,,,84ef0106,,,1c,,,1c,,
null,,,null,,,0x0800,,,46.101.52.119,,,192.168.1.152,,,17,,,123,,,123,,,dbe1d48300000000,,,dbe1d483a9c43528,,,51ae8823,,,1c,,,1c,,
null,,,null,,,0x0800,,,74.207.240.206,,,192.168.1.152,,,17,,,123,,,123,,,dc62cb1000000000,,,dc62cb10b05b49f8,,,7f43715c,,,1c,,,1c,,
null,,,null,,,0x0800,,,192.168.1.152,,,196.10.54.57,,,17,,,123,,,123,,,dbd5037200000000,,,dbd50372fed508f2,,,c554447b,,,1c,,,1c,,
null,,,null,,,0x0800,,,192.168.1.152,,,159.203.158.197,,,17,,,123,,,123,,,dbdfc39800000000,,,dbdfc3992b1c6daf,,,82cff4f0,,,1c,,,1c,,
null,,,null,,,0x0800,,,192.168.1.152,,,120.146.26.214,,,17,,,123,,,123,,,dbd2647100000000,,,dbd26471a0d18ae5,,,ca068376,,,1c,,,1c,,
null,,,null,,,0x0800,,,59.124.29.241,,,192.168.1.152,,,17,,,123,,,123,,,dbd6b76400000000,,,dbd6b764fb891692,,,76a3513d,,,1c,,,1c,,
null,,,null,,,0x0800,,,37.187.18.4,,,192.168.1.152,,,17,,,123,,,123,,,dbdc2d3c00000000,,,dbdc2d3c89c344de,,,c1bee642,,,1c,,,1c,,
null,,,null,,,0x0800,,,96.244.96.19,,,192.168.1.152,,,17,,,123,,,123,,,dbd4e75200000000,,,dbd4e752c317f548,,,c0a80afe,,,1c,,,1c,,
null,,,null,,,0x0800,,,192.168.1.152,,,104.232.3.3,,,17,,,123,,,123,,,dbdd9add00000000,,,dbdd9adde64ff49c,,,d8dac0ca,,,1c,,,1c,,
null,,,null,,,0x0800,,,199.223.248.101,,,192.168.1.152,,,17,,,123,,,123,,,dbe10fa200000000,,,dbe10fa2b1217db1,,,80040101,,,1c,,,1c,,
null,,,null,,,0x0800,,,61.216.153.106,,,192.168.1.152,,,17,,,123,,,123,,,dbde8e3700000000,,,dbde8e37bf977de6,,,d316679d,,,1c,,,1c,,
null,,,null,,,0x0800,,,54.252.161.68,,,192.168.1.152,,,17,,,123,,,123,,,dbcf029f00000000,,,dbcf029fee2637f6,,,cb2353f2,,,1c,,,1c,,
null,,,null,,,0x0800,,,108.59.2.24,,,192.168.1.152,,,17,,,123,,,123,,,dc625ad100000000,,,dc625ad175639690,,,8285010a,,,1c,,,1c,,
null,,,null,,,0x0800,,,192.168.1.152,,,49.176.208.19,,,17,,,123,,,123,,,dbe5123700000000,,,dbe512375b9b3971,,,67267924,,,1c,,,1c,,
null,,,null,,,0x0800,,,27.124.125.252,,,192.168.1.152,,,17,,,123,,,123,,,dbcfa64a00000000,,,dbcfa64a5c337ed0,,,da642b46,,,1c,,,1c,,
null,,,null,,,0x0800,,,192.168.1.152,,,54.252.129.186,,,17,,,123,,,123,,,dbd85d4600000000,,,dbd85d46d2fd313f,,,ca068376,,,1c,,,1c,,
null,,,null,,,0x0800,,,103.38.121.36,,,192.168.1.152,,,17,,,123,,,123,,,dbd05c1f00000000,,,dbd05c1f2495565c,,,cb2353f2,,,1c,,,1c,,
null,,,null,,,0x0800,,,202.127.210.36,,,192.168.1.152,,,17,,,123,,,123,,,dbcf43d900000000,,,dbcf43d9929ccaed,,,1b7c7dfa,,,1c,,,1c,,
null,,,null,,,0x0800,,,208.53.158.34,,,192.168.1.152,,,17,,,123,,,123,,,dbd9222700000000,,,dbd92227db6cdcd9,,,c7e9ece2,,,1c,,,1c,,
null,,,null,,,0x0800,,,45.127.113.2,,,192.168.1.152,,,17,,,123,,,123,,,83aa7e8300000000,,,dbde0eaa8998d40a,,,14a2e3d0,,,1c,,,1c,,
null,,,null,,,0x0800,,,130.102.2.123,,,192.168.1.152,,,17,,,123,,,123,,,dbcf983900000000,,,dbcf9839f479067e,,,d8dafeca,,,1c,,,1c,,
null,,,null,,,0x0800,,,132.163.4.102,,,192.168.1.152,,,17,,,123,,,123,,,dbe06c5900000000,,,dbe06c59ec03835c,,,41435453,,,1c,,,1c,,
null,,,null,,,0x0800,,,192.168.1.152,,,171.66.97.126,,,17,,,123,,,123,,,dbd0a26f00000000,,,dbd0a26f8ebece5f,,,73686d30,,,1c,,,1c,,
null,,,null,,,0x0800,,,91.212.112.71,,,192.168.1.152,,,17,,,123,,,123,,,dbea979400000000,,,dbea9794e35b24ff,,,c39295de,,,1c,,,1c,,
null,,,null,,,0x0800,,,192.168.1.152,,,69.89.207.99,,,17,,,123,,,123,,,dbe493a600000000,,,dbe493a6db47e614,,,4559cf65,,,1c,,,1c,,
null,,,null,,,0x0800,,,194.177.4.2,,,192.168.1.152,,,17,,,123,,,123,,,dbd549c200000000,,,dbd549c35c00cb6a,,,c3bbf537,,,1c,,,1c,,
null,,,null,,,0x0800,,,192.168.1.152,,,104.131.53.252,,,17,,,123,,,123,,,dbdfa77800000000,,,dbdfa77907d142b0,,,ada2c09c,,,1c,,,1c,,
null,,,null,,,0x0800,,,192.168.1.152,,,121.0.0.42,,,17,,,123,,,123,,,dbd22c3100000000,,,dbd22c31578757ff,,,b915653b,,,1c,,,1c,,
null,,,null,,,0x0800,,,192.168.1.152,,,96.126.105.86,,,17,,,123,,,123,,,83aa7e8300000000,,,dbde55f176a15293,,,84f60be7,,,1c,,,1c,,
null,,,null,,,0x0800,,,185.22.60.71,,,192.168.1.152,,,17,,,123,,,123,,,dbec4b8b00000000,,,dbec4b8bf8a4a14f,,,c2bea801,,,1c,,,1c,,
null,,,null,,,0x0800,,,192.168.1.152,,,203.173.10.97,,,17,,,123,,,123,,,dbda659900000000,,,dbda659947343a9a,,,cb00b2bf,,,1c,,,1c,,
null,,,null,,,0x0800,,,192.168.1.152,,,202.127.210.37,,,17,,,123,,,123,,,dbcf6e0900000000,,,dbcf6e09c1d28878,,,c0bd3611,,,1c,,,1c,,
null,,,null,,,0x0800,,,192.168.1.152,,,103.242.68.69,,,17,,,123,,,123,,,dbdda8ed00000000,,,dbdda8ede8af513f,,,ca2eb212,,,1c,,,1c,,
null,,,null,,,0x0800,,,66.135.44.92,,,192.168.1.152,,,17,,,123,,,123,,,dbe0887900000000,,,dbe0887a0f2f6c2f,,,7f43715c,,,1c,,,1c,,
null,,,null,,,0x0800,,,218.186.3.36,,,192.168.1.152,,,17,,,123,,,123,,,dbdf8b5800000000,,,dbdf8b58f92c69ff,,,47505300,,,1c,,,1c,,
null,,,null,,,0x0800,,,46.4.54.78,,,192.168.1.152,,,17,,,123,,,123,,,dbe671c800000000,,,dbe671c9240e5d39,,,24e044c3,,,1c,,,1c,,
null,,,null,,,0x0800,,,192.168.1.152,,,14.202.204.182,,,17,,,123,,,123,,,dc632d8100000000,,,dc632d81180d8d92,,,47505300,,,1c,,,1c,,
null,,,null,,,0x0800,,,91.121.171.187,,,192.168.1.152,,,17,,,123,,,123,,,83aa7ec900000000,,,dbced869647a211d,,,5b79a736,,,1c,,,1c,,
null,,,null,,,0x0800,,,110.21.101.199,,,192.168.1.152,,,17,,,123,,,123,,,dbcee67f00000000,,,dbcee67fce8eeaf7,,,dce99c1e,,,1c,,,1c,,
null,,,null,,,0x0800,,,108.61.73.244,,,192.168.1.152,,,17,,,123,,,123,,,dbdf36f800000000,,,dbdf36f880a92e37,,,803b00f5,,,1c,,,1c,,
null,,,null,,,0x0800,,,192.168.1.152,,,199.19.167.36,,,17,,,123,,,123,,,dbdcb9dc00000000,,,dbdcb9dcdf860aaa,,,84f60be3,,,1c,,,1c,,
null,,,null,,,0x0800,,,64.113.32.5,,,192.168.1.152,,,17,,,123,,,123,,,dbd59e2300000000,,,dbd59e239bf7b1a3,,,41435453,,,dc,,,dc,,
null,,,null,,,0x0800,,,192.168.1.152,,,66.7.96.2,,,17,,,123,,,123,,,dbe8a44b00000000,,,dbe8a44bb0fa8d97,,,d8dafeca,,,1c,,,1c,,
null,,,null,,,0x0800,,,88.99.29.46,,,192.168.1.152,,,17,,,123,,,123,,,dbec4b8600000000,,,dbec4b86f223fc6a,,,2821294c,,,1c,,,1c,,
null,,,null,,,0x0800,,,192.168.1.152,,,198.55.111.5,,,17,,,123,,,123,,,dbda956a00000000,,,dbda956a4ad0d5a0,,,14a2e3d0,,,1c,,,1c,,
null,,,null,,,0x0800,,,192.168.1.152,,,66.228.59.187,,,17,,,123,,,123,,,dbdd2a5d00000000,,,dbdd2a5d67e74c28,,,803b00f5,,,1c,,,1c,,
null,,,null,,,0x0800,,,192.168.1.152,,,67.227.252.196,,,17,,,123,,,123,,,dbe155f200000000,,,dbe155f305348066,,,40712005,,,1c,,,1c,,
null,,,null,,,0x0800,,,163.172.61.210,,,192.168.1.152,,,17,,,123,,,123,,,dbe9af7c00000000,,,dbe9af7d03421a7b,,,91eecb0e,,,1c,,,1c,,
null,,,null,,,0x0800,,,192.168.1.152,,,199.101.100.221,,,17,,,123,,,123,,,dbe3887500000000,,,dbe38875a5f060b0,,,82cff4f0,,,1c,,,1c,,
