srcMac, dstMac, ethType, srcIp, dstIp, ipProto, srcPort, dstPort, protocol, allMatches, numPayloadOnePackets, numPayloadTwoPackets
null,null,0x0800,192.168.1.221,192.168.1.1,17,65154,53,dns,dns|,2,2
null,null,0x0800,192.168.1.1,192.168.1.221,17,53,52800,dns,dns|,1,1
null,null,0x0800,192.168.1.1,192.168.1.221,17,53,61637,dns,dns|,1,1
null,null,0x0800,52.73.28.8,192.168.1.221,6,443,58501,tls,tls|,6,13
null,null,0x0800,192.168.1.221,192.168.1.1,17,52310,53,dns,dns|,2,2
null,null,0x0800,52.201.5.235,192.168.1.221,6,443,59209,tls,tls|,6,390
null,null,0x0800,192.168.1.1,192.168.1.221,17,53,61754,dns,dns|,2,2
null,null,0x0800,192.168.1.221,192.168.1.1,17,53787,53,dns,dns|,2,2
null,null,0x0800,192.168.1.1,192.168.1.221,17,53,49874,dns,dns|,2,2
null,null,0x0800,192.168.1.1,192.168.1.221,17,53,60541,dns,dns|,2,2
null,null,0x0800,192.168.1.221,192.168.1.1,17,64619,53,dns,dns|,2,2
null,null,0x0800,192.168.1.221,192.168.1.1,17,50277,53,dns,dns|,2,2
null,null,0x0800,192.168.1.1,192.168.1.221,17,53,56043,dns,dns|,2,2
null,null,0x0800,192.168.1.221,192.168.1.1,17,51111,53,dns,dns|,1,1
null,null,0x0800,192.168.1.221,192.168.1.1,17,49251,53,dns,dns|,1,1
null,null,0x0800,192.168.1.1,192.168.1.221,17,53,57378,dns,dns|,1,1
null,null,0x0800,192.168.1.221,192.168.1.1,17,60335,53,dns,dns|,2,2
null,null,0x0800,192.168.1.1,192.168.1.221,17,53,59433,dns,dns|,1,1
null,null,0x0800,192.168.1.1,192.168.1.221,17,53,56047,dns,dns|,2,2
null,null,0x0800,27.124.125.251,192.168.1.221,17,123,60841,ntp,ntp|,1,1
null,null,0x0800,192.168.1.221,192.168.1.1,17,58243,53,dns,dns|,2,2
null,null,0x0800,192.168.1.1,192.168.1.221,17,53,55199,dns,dns|,2,2
null,null,0x0800,192.168.1.1,192.168.1.221,17,53,58349,dns,dns|,4,4
null,null,0x0800,192.168.1.221,192.168.1.1,17,54538,53,dns,dns|,2,2
null,null,0x0800,192.168.1.1,192.168.1.221,17,53,50990,dns,dns|,2,2
null,null,0x0800,192.168.1.1,192.168.1.221,17,53,63709,dns,dns|,2,2
null,null,0x0800,192.168.1.221,192.168.1.1,17,51246,53,dns,dns|,2,2
null,null,0x0800,192.168.1.221,192.168.1.1,17,51125,53,dns,dns|,2,2
null,null,0x0800,52.73.28.8,192.168.1.221,6,443,55467,tls,tls|,6,14
null,null,0x0800,52.6.121.206,192.168.1.221,6,443,49896,tls,tls|,6,25
null,null,0x0800,192.168.1.221,52.73.28.8,6,61575,443,tls,tls|,13,6
null,null,0x0800,192.168.1.221,52.205.153.193,6,61473,443,tls,tls|,14,6
null,null,0x0800,192.168.1.221,192.168.1.1,17,64281,53,dns,dns|,1,1
null,null,0x0800,192.168.1.221,192.168.1.1,17,63820,53,dns,dns|,2,2
null,null,0x0800,192.168.1.1,192.168.1.221,17,53,51728,dns,dns|,1,1
null,null,0x0800,192.168.1.221,52.205.153.193,6,54563,443,tls,tls|,14,6
null,null,0x0800,192.168.1.221,192.168.1.1,17,55097,53,dns,dns|,1,1
null,null,0x0800,52.76.156.94,192.168.1.221,1,*,*,none,none,6,0
null,null,0x0800,192.168.1.1,192.168.1.221,17,53,56176,dns,dns|,1,1
null,null,0x0800,192.168.1.1,192.168.1.221,17,53,59445,dns,dns|,1,1
null,null,0x0800,192.168.1.1,192.168.1.221,17,53,58112,dns,dns|,2,2
null,null,0x0800,192.168.1.1,192.168.1.221,17,53,50513,dns,dns|,1,1
null,null,0x0800,192.168.1.1,192.168.1.221,17,53,55089,dns,dns|,2,2
null,null,0x0800,192.168.1.221,192.168.1.1,17,58012,53,dns,dns|,2,2
null,null,0x0800,192.168.1.221,192.168.1.1,17,52019,53,dns,dns|,2,2
null,null,0x0800,192.168.1.221,192.168.1.1,17,54757,53,dns,dns|,1,1
null,null,0x0800,192.168.1.221,192.168.1.1,17,58036,53,dns,dns|,2,2
null,null,0x0800,52.205.153.193,192.168.1.221,6,443,52843,tls,tls|,6,14
null,null,0x0800,192.168.1.1,192.168.1.221,17,53,50871,dns,dns|,1,1
null,null,0x0800,192.168.1.1,192.168.1.221,17,53,58238,dns,dns|,2,2
null,null,0x0800,192.168.1.1,192.168.1.221,17,53,61417,dns,dns|,2,2
null,null,0x0800,192.168.1.1,192.168.1.221,17,53,63716,dns,dns|,2,2
null,null,0x0800,192.168.1.221,192.168.1.1,17,53664,53,dns,dns|,3,3
null,null,0x0800,192.168.1.221,192.168.1.1,17,63098,53,dns,dns|,2,2
null,null,0x0800,192.168.1.1,192.168.1.221,17,53,49417,dns,dns|,2,2
null,null,0x0800,192.168.1.1,192.168.1.221,17,53,61778,dns,dns|,2,2
null,null,0x0800,52.76.156.94,192.168.1.221,17,38652,51506,none,none,1210,1204
null,null,0x0800,192.168.1.1,192.168.1.221,17,53,49654,dns,dns|,1,1
null,null,0x0800,192.168.1.221,192.168.1.1,17,59101,53,dns,dns|,1,1
null,null,0x0800,192.168.1.1,192.168.1.221,17,53,59691,dns,dns|,2,2
null,null,0x0800,192.168.1.1,192.168.1.221,17,53,62981,dns,dns|,2,2
null,null,0x0800,192.168.1.221,192.168.1.1,17,49168,53,dns,dns|,1,1
null,null,0x0800,27.124.125.250,192.168.1.221,17,123,54374,ntp,ntp|,1,1
null,null,0x0800,192.168.1.221,192.168.1.1,17,56030,53,dns,dns|,2,2
null,null,0x0800,192.168.1.221,192.168.1.1,17,52454,53,dns,dns|,2,2
null,null,0x0800,192.168.1.1,192.168.1.221,17,53,56188,dns,dns|,2,2
null,null,0x0800,192.168.1.221,192.168.1.1,17,58245,53,dns,dns|,2,2
null,null,0x0800,192.168.1.221,192.168.1.1,17,58487,53,dns,dns|,1,1
null,null,0x0800,13.55.50.68,192.168.1.221,17,123,64857,ntp,ntp|,1,1
null,null,0x0800,192.168.1.1,192.168.1.221,17,53,58486,dns,dns|,2,2
null,null,0x0800,192.168.1.1,192.168.1.221,17,53,57038,dns,dns|,1,1
null,null,0x0800,192.168.1.221,103.38.120.36,17,59509,123,ntp,ntp|,1,1
null,null,0x0800,192.168.1.221,192.168.1.1,17,65032,53,dns,dns|,1,1
null,null,0x0800,192.168.1.1,192.168.1.221,17,53,52831,dns,dns|,2,2
null,null,0x0800,192.168.1.221,192.168.1.1,17,64935,53,dns,dns|,2,2
null,null,0x0800,192.168.1.221,192.168.1.1,17,60137,53,dns,dns|,2,2
null,null,0x0800,192.168.1.221,192.168.1.1,17,53554,53,dns,dns|,2,2
null,null,0x0800,192.168.1.221,192.168.1.1,17,55715,53,dns,dns|,1,1
null,null,0x0800,192.168.1.221,192.168.1.1,17,52573,53,dns,dns|,1,1
null,null,0x0800,192.168.1.1,192.168.1.221,17,53,64811,dns,dns|,2,2
null,null,0x0800,192.168.1.1,192.168.1.221,17,53,64810,dns,dns|,2,2
null,null,0x0800,192.168.1.221,192.168.1.1,17,63182,53,dns,dns|,1,1
null,null,0x0800,192.168.1.221,192.168.1.1,17,63097,53,dns,dns|,1,1
null,null,0x0800,115.187.159.2,192.168.1.221,17,123,52205,ntp,ntp|,1,1
null,null,0x0800,192.168.1.1,192.168.1.221,17,53,60212,dns,dns|,1,1
null,null,0x0800,192.168.1.1,192.168.1.221,17,53,60570,dns,dns|,2,2
null,null,0x0800,52.205.153.193,192.168.1.221,6,443,63505,tls,tls|,6,21
null,null,0x0800,192.168.1.1,192.168.1.221,17,53,57040,dns,dns|,2,2
null,null,0x0800,54.210.10.156,192.168.1.221,6,443,51285,tls,tls|,6,16
null,null,0x0800,52.205.153.193,192.168.1.221,6,443,60245,tls,tls|,6,13
null,null,0x0800,52.221.139.217,192.168.1.221,17,18176,51506,none,none,1266,1258
null,null,0x0800,192.168.1.221,52.73.28.8,6,64940,443,tls,tls|,17,6
null,null,0x0800,192.168.1.1,192.168.1.221,17,53,60571,dns,dns|,2,2
null,null,0x0800,54.210.10.156,192.168.1.221,6,443,53226,tls,tls|,6,17
null,null,0x0800,192.168.1.221,192.168.1.1,17,50288,53,dns,dns|,5,5
null,null,0x0800,192.168.1.221,192.168.1.1,17,53662,53,dns,dns|,1,1
null,null,0x0800,192.168.1.1,192.168.1.221,17,53,59461,dns,dns|,2,2
null,null,0x0800,192.168.1.221,192.168.1.1,17,61318,53,dns,dns|,2,2
null,null,0x0800,192.168.1.1,192.168.1.221,17,53,51746,dns,dns|,2,2
null,null,0x0800,192.168.1.221,192.168.1.1,17,56718,53,dns,dns|,1,1
null,null,0x0800,192.168.1.1,192.168.1.221,17,53,58376,dns,dns|,1,1
null,null,0x0800,192.168.1.221,192.168.1.1,17,63628,53,dns,dns|,2,2
null,null,0x0800,192.168.1.221,192.168.1.1,17,56079,53,dns,dns|,2,2
null,null,0x0800,192.168.1.221,192.168.1.1,17,54868,53,dns,dns|,2,2
null,null,0x0800,192.168.1.1,192.168.1.221,17,53,51743,dns,dns|,5,5
null,null,0x0800,192.168.1.1,192.168.1.221,17,53,51622,dns,dns|,2,2
null,null,0x0800,192.168.1.1,192.168.1.221,17,53,50532,dns,dns|,2,2
null,null,0x0800,192.168.1.221,52.205.153.193,6,49478,80,http,http|,9,2
null,null,0x0800,192.168.1.221,192.168.1.1,17,54626,53,dns,dns|,2,2
null,null,0x0800,52.5.51.114,192.168.1.221,6,443,65222,tls,tls|,6,17
null,null,0x0800,192.168.1.221,52.73.28.8,6,53532,443,tls,tls|,17,6
null,null,0x0800,192.168.1.221,192.168.1.1,17,53577,53,dns,dns|,3,3
null,null,0x0800,192.168.1.221,52.5.51.114,6,62069,443,tls,tls|,18,6
null,null,0x0800,192.168.1.1,192.168.1.221,17,53,61832,dns,dns|,3,3
null,null,0x0800,192.168.1.1,192.168.1.221,17,53,62923,dns,dns|,2,2
null,null,0x0800,192.168.1.221,192.168.1.1,17,49717,53,dns,dns|,4,4
null,null,0x0800,192.168.1.221,192.168.1.1,17,59761,53,dns,dns|,2,2
null,null,0x0800,192.168.1.221,192.168.1.1,17,61553,53,dns,dns|,2,2
null,null,0x0800,192.168.1.221,52.5.51.114,6,57539,443,tls,tls|,14,6
null,null,0x0800,192.168.1.221,52.205.153.193,6,60270,443,tls,tls|,13,6
null,null,0x0800,52.205.153.193,192.168.1.221,6,443,59029,tls,tls|,6,13
null,null,0x0800,8.8.8.8,192.168.1.221,17,53,51816,dns,dns|,2,2
null,null,0x0800,192.168.1.221,52.5.51.114,6,49641,443,tls,tls|,14,6
null,null,0x0800,192.168.1.1,192.168.1.221,17,53,56241,dns,dns|,2,2
null,null,0x0800,192.168.1.221,52.5.202.160,6,51917,443,tls,tls|,25,6
null,null,0x0800,192.168.1.1,192.168.1.221,17,53,59873,dns,dns|,2,2
null,null,0x0800,192.168.1.221,192.168.1.1,17,50924,53,dns,dns|,2,2
null,null,0x0800,150.101.217.196,192.168.1.221,17,123,64794,ntp,ntp|,1,1
null,null,0x0800,192.168.1.221,192.168.1.1,17,58235,53,dns,dns|,1,1
null,null,0x0800,54.210.10.156,192.168.1.221,6,443,61130,tls,tls|,171,12
null,null,0x0800,52.205.153.193,192.168.1.221,6,443,51306,tls,tls|,6,18
null,null,0x0800,192.168.1.221,52.5.51.114,6,61281,443,tls,tls|,17,6
null,null,0x0800,54.210.10.156,192.168.1.221,6,443,64765,tls,tls|,171,12
null,null,0x0800,192.168.1.1,192.168.1.221,17,53,49603,dns,dns|,1,1
null,null,0x0800,192.168.1.221,192.168.1.1,17,53007,53,dns,dns|,1,1
null,null,0x0800,192.168.1.221,52.73.28.8,6,52541,443,tls,tls|,14,6
null,null,0x0800,192.168.1.221,192.168.1.1,17,57363,53,dns,dns|,1,1
null,null,0x0800,54.210.10.156,192.168.1.221,6,443,63799,tls,tls|,6,14
null,null,0x0800,192.168.1.1,192.168.1.221,17,53,60635,dns,dns|,2,2
null,null,0x0800,192.189.54.33,192.168.1.221,17,123,61273,ntp,ntp|,1,1
null,null,0x0800,192.168.1.1,192.168.1.221,17,53,60871,dns,dns|,1,1
null,null,0x0800,192.168.1.1,192.168.1.221,17,53,49601,dns,dns|,2,2
null,null,0x0800,192.168.1.1,192.168.1.221,17,53,49842,dns,dns|,1,1
null,null,0x0800,192.168.1.221,192.168.1.1,17,63537,53,dns,dns|,1,1
null,null,0x0800,192.168.1.221,52.0.140.23,6,58019,443,tls,tls|,25,6
null,null,0x0800,192.168.1.1,192.168.1.221,17,53,50715,dns,dns|,2,2
null,null,0x0800,192.168.1.1,192.168.1.221,17,53,65086,dns,dns|,2,2
null,null,0x0800,192.168.1.1,192.168.1.221,17,53,56372,dns,dns|,2,2
null,null,0x0800,192.168.1.1,192.168.1.221,17,53,58796,dns,dns|,1,1
null,null,0x0800,192.168.1.221,192.168.1.1,17,54822,53,dns,dns|,2,2
null,null,0x0800,192.168.1.221,192.168.1.1,17,60477,53,dns,dns|,2,2
null,null,0x0800,192.168.1.221,192.168.1.1,17,54931,53,dns,dns|,2,2
null,null,0x0800,129.250.35.250,192.168.1.221,17,123,65027,ntp,ntp|,1,1
null,null,0x0800,192.168.1.221,192.168.1.1,17,54616,53,dns,dns|,1,1
null,null,0x0800,192.168.1.221,192.168.1.1,17,60792,53,dns,dns|,2,2
null,null,0x0800,192.168.1.1,192.168.1.221,17,53,57228,dns,dns|,2,2
null,null,0x0800,192.168.1.221,192.168.1.1,17,50816,53,dns,dns|,4,4
null,null,0x0800,192.168.1.221,203.213.88.59,17,57079,123,ntp,ntp|,1,1
null,null,0x0800,192.168.1.221,52.44.145.223,6,63691,443,tls,tls|,25,6
null,null,0x0800,192.168.1.221,192.168.1.1,17,62426,53,dns,dns|,2,2
null,null,0x0800,192.168.1.1,192.168.1.221,17,53,62828,dns,dns|,2,2
null,null,0x0800,192.168.1.1,192.168.1.221,17,53,62702,dns,dns|,2,2
null,null,0x0800,192.168.1.1,192.168.1.221,17,53,60646,dns,dns|,2,2
null,null,0x0800,192.168.1.221,52.6.121.206,6,55793,443,tls,tls|,35,6
null,null,0x0800,192.168.1.221,192.168.1.1,17,57596,53,dns,dns|,1,1
null,null,0x0800,192.168.1.1,192.168.1.221,17,53,49852,dns,dns|,2,2
null,null,0x0800,192.168.1.1,192.168.1.221,17,53,49612,dns,dns|,2,2
null,null,0x0800,192.168.1.221,192.168.1.1,17,61313,53,dns,dns|,2,2
null,null,0x0800,192.168.1.221,192.168.1.1,17,55054,53,dns,dns|,2,2
null,null,0x0800,192.168.1.1,192.168.1.221,17,53,51936,dns,dns|,2,2
null,null,0x0800,192.168.1.1,192.168.1.221,17,53,59655,dns,dns|,1,1
null,null,0x0800,192.168.1.1,192.168.1.221,17,53,50603,dns,dns|,2,2
null,null,0x0800,192.168.1.221,192.168.1.1,17,49912,53,dns,dns|,1,1
null,null,0x0800,192.168.1.221,192.168.1.1,17,50934,53,dns,dns|,2,2
null,null,0x0800,192.168.1.1,192.168.1.221,17,53,55176,dns,dns|,2,2
null,null,0x0800,192.168.1.221,52.205.153.193,6,58447,80,http,http|,9,2
null,null,0x0800,192.168.1.1,192.168.1.221,17,53,58566,dns,dns|,1,1
null,null,0x0800,192.168.1.1,192.168.1.221,17,53,51933,dns,dns|,1,1
null,null,0x0800,192.168.1.221,192.168.1.1,17,51165,53,dns,dns|,2,2
null,null,0x0800,192.168.1.221,192.168.1.1,17,58673,53,dns,dns|,1,1
null,null,0x0800,192.168.1.1,192.168.1.221,17,53,51930,dns,dns|,1,1
null,null,0x0800,192.168.1.1,192.168.1.221,17,53,58569,dns,dns|,2,2
null,null,0x0800,192.168.1.221,54.210.10.156,6,53857,443,tls,tls|,12,411
null,null,0x0800,54.210.10.156,192.168.1.221,6,443,55716,tls,tls|,6,13
null,null,0x0800,192.168.1.1,192.168.1.221,17,53,59414,dns,dns|,2,2
null,null,0x0800,192.168.1.221,203.23.237.200,17,50623,123,ntp,ntp|,1,1
null,null,0x0800,192.168.1.1,192.168.1.221,17,53,63928,dns,dns|,5,5
null,null,0x0800,192.168.1.221,192.168.1.1,17,60008,53,dns,dns|,2,2
null,null,0x0800,192.168.1.221,52.22.101.123,6,50142,443,tls,tls|,25,6
null,null,0x0800,192.168.1.221,52.76.156.94,17,51504,17836,none,none,2064,29
null,null,0x0800,192.168.1.221,192.168.1.1,17,57341,53,dns,dns|,2,2
null,null,0x0800,192.168.1.1,192.168.1.221,17,53,60415,dns,dns|,1,1
null,null,0x0800,192.168.1.221,192.168.1.1,17,49805,53,dns,dns|,2,2
null,null,0x0800,192.168.1.1,192.168.1.221,17,53,49865,dns,dns|,2,2
null,null,0x0800,192.168.1.221,192.168.1.1,17,64519,53,dns,dns|,1,1
null,null,0x0800,192.168.1.221,192.168.1.1,17,53791,53,dns,dns|,2,2
null,null,0x0800,192.168.1.1,192.168.1.221,17,53,57483,dns,dns|,1,1
null,null,0x0800,192.168.1.221,54.210.10.156,6,51631,443,tls,tls|,16,6
null,null,0x0800,192.168.1.1,192.168.1.221,17,53,51706,dns,dns|,1,1
null,null,0x0800,192.168.1.1,192.168.1.221,17,53,56152,dns,dns|,2,2
null,null,0x0800,192.168.1.221,192.168.1.1,17,53331,53,dns,dns|,2,2
null,null,0x0800,192.168.1.1,192.168.1.221,17,53,51946,dns,dns|,2,2
null,null,0x0800,52.0.140.23,192.168.1.221,6,443,50843,tls,tls|,6,25
null,null,0x0800,192.168.1.1,192.168.1.221,17,53,51701,dns,dns|,2,2
null,null,0x0800,192.168.1.221,192.168.1.1,17,51263,53,dns,dns|,2,2
null,null,0x0800,192.168.1.1,192.168.1.221,17,53,50974,dns,dns|,2,2
null,null,0x0800,192.168.1.221,192.168.1.1,17,56059,53,dns,dns|,1,1
null,null,0x0800,192.168.1.221,192.168.1.1,17,63309,53,dns,dns|,5,5
null,null,0x0800,192.168.1.221,192.168.1.1,17,54957,53,dns,dns|,1,1
null,null,0x0800,192.168.1.221,52.205.153.193,6,49301,443,tls,tls|,17,6
null,null,0x0800,52.0.140.23,192.168.1.221,6,443,61515,tls,tls|,6,25
null,null,0x0800,52.205.153.193,192.168.1.221,6,443,60843,tls,tls|,6,14
null,null,0x0800,192.168.1.221,192.168.1.1,17,50455,53,dns,dns|,1,1
null,null,0x0800,192.168.1.221,192.168.1.1,17,50443,53,dns,dns|,2,2
null,null,0x0800,192.168.1.221,203.206.205.83,17,54741,123,ntp,ntp|,1,1
null,null,0x0800,192.168.1.1,192.168.1.221,17,53,64189,dns,dns|,2,2
null,null,0x0800,192.168.1.1,192.168.1.221,17,53,63099,dns,dns|,1,1
null,null,0x0800,192.168.1.221,192.168.1.1,17,50019,53,dns,dns|,5,5
null,null,0x0800,192.168.1.221,192.168.1.1,17,49700,53,dns,dns|,2,2
null,null,0x0800,192.168.1.221,192.168.1.1,17,52622,53,dns,dns|,2,2
null,null,0x0800,52.205.153.193,192.168.1.221,6,443,58894,tls,tls|,6,13
null,null,0x0800,52.22.101.123,192.168.1.221,6,443,51507,tls,tls|,7,25
null,null,0x0800,192.168.1.221,192.168.1.1,17,61602,53,dns,dns|,2,2
null,null,0x0800,192.168.1.221,52.221.139.217,17,51504,32954,none,none,7959,74
null,null,0x0800,192.168.1.1,192.168.1.221,17,53,58981,dns,dns|,2,2
null,null,0x0800,192.168.1.221,192.168.1.1,17,62099,53,dns,dns|,2,2
null,null,0x0800,192.168.1.221,192.168.1.1,17,64484,53,dns,dns|,2,2
null,null,0x0800,192.168.1.221,192.168.1.1,17,56975,53,dns,dns|,1,1
null,null,0x0800,192.168.1.221,192.168.1.1,17,63829,53,dns,dns|,2,2
null,null,0x0800,192.168.1.1,192.168.1.221,17,53,58986,dns,dns|,1,1
null,null,0x0800,192.168.1.1,192.168.1.221,17,53,57655,dns,dns|,4,4
null,null,0x0800,192.168.1.221,192.168.1.1,17,62184,53,dns,dns|,1,1
null,null,0x0800,192.168.1.221,52.6.121.206,6,54722,443,tls,tls|,25,6
null,null,0x0800,192.168.1.221,192.168.1.1,17,51557,53,dns,dns|,1,1
null,null,0x0800,192.168.1.221,192.168.1.1,17,51327,53,dns,dns|,1,1
null,null,0x0800,192.168.1.221,192.168.1.1,17,59241,53,dns,dns|,1,1
null,null,0x0800,192.168.1.221,192.168.1.1,17,59265,53,dns,dns|,2,2
null,null,0x0800,192.168.1.221,192.168.1.1,17,63297,53,dns,dns|,1,1
null,null,0x0800,192.168.1.221,202.60.94.15,17,64211,123,ntp,ntp|,1,1
null,null,0x0800,192.168.1.221,192.168.1.1,17,53710,53,dns,dns|,2,2
null,null,0x0800,192.168.1.221,52.5.51.114,6,62923,443,tls,tls|,13,6
null,null,0x0800,192.168.1.221,192.168.1.1,17,55317,53,dns,dns|,1,1
null,null,0x0800,192.168.1.221,192.168.1.1,17,55547,53,dns,dns|,2,2
null,null,0x0800,192.168.1.221,192.168.1.1,17,64011,53,dns,dns|,1,1
null,null,0x0800,192.168.1.221,192.168.1.1,17,52621,53,dns,dns|,2,2
null,null,0x0800,192.168.1.1,192.168.1.221,17,53,53181,dns,dns|,1,1
null,null,0x0800,192.168.1.221,192.168.1.1,17,55861,53,dns,dns|,2,2
null,null,0x0800,192.168.1.1,192.168.1.221,17,53,53183,dns,dns|,1,1
null,null,0x0800,192.168.1.1,192.168.1.221,17,53,56691,dns,dns|,2,2
null,null,0x0800,192.168.1.221,54.210.10.156,6,55784,443,tls,tls|,12,411
null,null,0x0800,192.168.1.1,192.168.1.221,17,53,53063,dns,dns|,2,2
null,null,0x0800,192.168.1.1,192.168.1.221,17,53,56452,dns,dns|,1,1
null,null,0x0800,192.168.1.221,192.168.1.1,17,65019,53,dns,dns|,1,1
null,null,0x0800,192.168.1.1,192.168.1.221,17,53,58874,dns,dns|,2,2
null,null,0x0800,192.168.1.1,192.168.1.221,17,53,58992,dns,dns|,2,2
null,null,0x0800,192.168.1.1,192.168.1.221,17,53,53187,dns,dns|,2,2
null,null,0x0800,192.168.1.1,192.168.1.221,17,53,58630,dns,dns|,1,1
null,null,0x0800,192.168.1.1,192.168.1.221,17,53,56577,dns,dns|,2,2
null,null,0x0800,192.168.1.1,192.168.1.221,17,53,55367,dns,dns|,2,2
null,null,0x0800,192.168.1.1,192.168.1.221,17,53,54278,dns,dns|,1,1
null,null,0x0800,192.168.1.1,192.168.1.221,17,53,58754,dns,dns|,2,2
null,null,0x0800,192.168.1.221,52.205.153.193,6,58731,443,tls,tls|,13,6
null,null,0x0800,192.168.1.221,192.168.1.1,17,57160,53,dns,dns|,2,2
null,null,0x0800,192.168.1.221,192.168.1.1,17,59032,53,dns,dns|,2,2
null,null,0x0800,192.168.1.221,192.168.1.1,17,65330,53,dns,dns|,2,2
null,null,0x0800,192.168.1.221,192.168.1.1,17,51312,53,dns,dns|,2,2
null,null,0x0800,192.168.1.1,192.168.1.221,17,53,62902,dns,dns|,2,2
null,null,0x0800,192.168.1.221,192.168.1.1,17,61291,53,dns,dns|,2,2
null,null,0x0800,192.168.1.221,192.168.1.1,17,55887,53,dns,dns|,2,2
null,null,0x0800,192.168.1.221,192.168.1.1,17,53624,53,dns,dns|,2,2
null,null,0x0800,192.168.1.221,192.168.1.1,17,50695,53,dns,dns|,1,1
null,null,0x0800,192.168.1.221,52.201.5.235,6,52577,443,tls,tls|,25,6
null,null,0x0800,192.168.1.221,192.168.1.1,17,55862,53,dns,dns|,5,5
null,null,0x0800,52.22.101.123,192.168.1.221,6,443,58230,tls,tls|,6,25
null,null,0x0800,192.168.1.221,192.168.1.1,17,63168,53,dns,dns|,2,2
null,null,0x0800,192.168.1.1,192.168.1.221,17,53,55495,dns,dns|,5,5
null,null,0x0800,192.168.1.1,192.168.1.221,17,53,59610,dns,dns|,2,2
null,null,0x0800,192.168.1.1,192.168.1.221,17,53,55255,dns,dns|,2,2
null,null,0x0800,192.168.1.1,192.168.1.221,17,53,56344,dns,dns|,2,2
null,null,0x0800,192.168.1.1,192.168.1.221,17,53,57431,dns,dns|,2,2
null,null,0x0800,192.168.1.1,192.168.1.221,17,53,55012,dns,dns|,2,2
null,null,0x0800,52.205.153.193,192.168.1.221,6,443,59405,tls,tls|,6,13
null,null,0x0800,192.168.1.1,192.168.1.221,17,53,56106,dns,dns|,2,2
null,null,0x0800,192.168.1.221,192.168.1.1,17,64680,53,dns,dns|,2,2
null,null,0x0800,192.168.1.1,192.168.1.221,17,53,57209,dns,dns|,1,1
null,null,0x0800,192.168.1.221,192.168.1.1,17,61629,53,dns,dns|,2,2
null,null,0x0800,192.168.1.221,192.168.1.1,17,58936,53,dns,dns|,1,1
null,null,0x0800,192.168.1.221,192.168.1.1,17,54871,53,dns,dns|,1,1
null,null,0x0800,192.168.1.221,52.205.153.193,6,61213,443,tls,tls|,12,171
null,null,0x0800,192.168.1.221,192.168.1.1,17,55997,53,dns,dns|,2,2
null,null,0x0800,192.168.1.1,192.168.1.221,17,53,61701,dns,dns|,2,2
null,null,0x0800,192.168.1.1,192.168.1.221,17,53,49945,dns,dns|,2,2
null,null,0x0800,52.205.153.193,192.168.1.221,6,443,61972,tls,tls|,6,17
null,null,0x0800,192.168.1.221,192.168.1.1,17,53405,53,dns,dns|,1,1
null,null,0x0800,192.168.1.221,52.221.139.217,17,51506,50686,none,none,3441,3488
null,null,0x0800,192.168.1.221,52.5.51.114,6,49737,443,tls,tls|,13,6
null,null,0x0800,192.168.1.1,192.168.1.221,17,53,65066,dns,dns|,1,1
null,null,0x0800,52.201.5.235,192.168.1.221,6,443,53780,tls,tls|,6,25
null,null,0x0800,192.168.1.1,192.168.1.221,17,53,58533,dns,dns|,2,2
null,null,0x0800,192.168.1.221,192.168.1.1,17,65126,53,dns,dns|,2,2
null,null,0x0800,192.168.1.1,192.168.1.221,17,53,59862,dns,dns|,2,2
null,null,0x0800,192.168.1.1,192.168.1.221,17,53,59740,dns,dns|,4,4
null,null,0x0800,192.168.1.1,192.168.1.221,17,53,59626,dns,dns|,2,2
null,null,0x0800,192.168.1.221,54.210.10.156,6,57741,443,tls,tls|,17,6
null,null,0x0800,192.168.1.1,192.168.1.221,17,53,58777,dns,dns|,1,1
null,null,0x0800,192.168.1.1,192.168.1.221,17,53,53259,dns,dns|,1,1
null,null,0x0800,192.168.1.1,192.168.1.221,17,53,54107,dns,dns|,2,2
null,null,0x0800,192.168.1.221,192.168.1.1,17,51116,53,dns,dns|,1,1
null,null,0x0800,192.168.1.221,192.168.1.1,17,57295,53,dns,dns|,2,2
null,null,0x0800,192.168.1.221,192.168.1.1,17,62977,53,dns,dns|,2,2
null,null,0x0800,192.168.1.221,192.168.1.1,17,51576,53,dns,dns|,2,2
null,null,0x0800,192.168.1.221,192.168.1.1,17,53961,53,dns,dns|,1,1
null,null,0x0800,192.168.1.221,192.168.1.1,17,55538,53,dns,dns|,2,2
null,null,0x0800,52.205.153.193,192.168.1.221,6,443,61982,tls,tls|,6,17
null,null,0x0800,192.168.1.221,192.168.1.1,17,59256,53,dns,dns|,1,1
null,null,0x0800,192.168.1.221,192.168.1.1,17,64914,53,dns,dns|,2,2
null,null,0x0800,192.168.1.221,192.168.1.1,17,55405,53,dns,dns|,2,2
null,null,0x0800,192.168.1.221,192.168.1.1,17,55961,53,dns,dns|,2,2
null,null,0x0800,192.168.1.221,192.168.1.1,17,56519,53,dns,dns|,1,1
null,null,0x0800,192.168.1.1,192.168.1.221,17,53,53011,dns,dns|,2,2
null,null,0x0800,192.168.1.221,192.168.1.1,17,61319,53,dns,dns|,2,2
null,null,0x0800,192.168.1.1,192.168.1.221,17,53,53497,dns,dns|,1,1
null,null,0x0800,192.168.1.1,192.168.1.221,17,53,55677,dns,dns|,2,2
null,null,0x0800,192.168.1.1,192.168.1.221,17,53,55326,dns,dns|,1,1
null,null,0x0800,192.168.1.1,192.168.1.221,17,53,51087,dns,dns|,2,2
null,null,0x0800,192.168.1.221,52.73.28.8,6,61216,443,tls,tls|,13,6
null,null,0x0800,52.5.51.114,192.168.1.221,6,443,65174,tls,tls|,6,14
null,null,0x0800,192.168.1.221,192.168.1.1,17,51577,53,dns,dns|,2,2
null,null,0x0800,192.168.1.221,52.5.51.114,6,53939,80,http,http|,9,2
null,null,0x0800,192.168.1.221,192.168.1.1,17,61647,53,dns,dns|,2,2
null,null,0x0800,52.5.51.114,192.168.1.221,6,443,65293,tls,tls|,6,13
null,null,0x0800,192.168.1.221,192.168.1.1,17,55648,53,dns,dns|,2,2
null,null,0x0800,192.168.1.221,192.168.1.1,17,62736,53,dns,dns|,5,5
null,null,0x0800,52.5.51.114,192.168.1.221,6,443,65290,tls,tls|,6,13
null,null,0x0800,192.168.1.221,192.168.1.1,17,61092,53,dns,dns|,4,4
null,null,0x0800,192.168.1.221,192.168.1.1,17,55963,53,dns,dns|,2,2
null,null,0x0800,192.168.1.221,192.168.1.1,17,64055,53,dns,dns|,2,2
null,null,0x0800,192.168.1.221,52.205.153.193,6,62105,443,tls,tls|,14,6
null,null,0x0800,192.168.1.221,192.168.1.1,17,52677,53,dns,dns|,1,1
null,null,0x0800,192.168.1.1,192.168.1.221,17,53,52290,dns,dns|,2,2
null,null,0x0800,54.210.10.156,192.168.1.221,6,443,53005,tls,tls|,6,13
null,null,0x0800,192.168.1.221,52.205.153.193,6,50537,443,tls,tls|,17,6
null,null,0x0800,192.168.1.1,192.168.1.221,17,53,54350,dns,dns|,1,1
null,null,0x0800,192.168.1.1,192.168.1.221,17,53,55562,dns,dns|,2,2
null,null,0x0800,192.168.1.1,192.168.1.221,17,53,53388,dns,dns|,2,2
null,null,0x0800,0.0.0.0,255.255.255.255,17,68,67,dhcp,dhcp|,19,0
null,null,0x0800,192.168.1.221,52.5.51.114,6,59049,443,tls,tls|,14,6
null,null,0x0800,192.168.1.1,192.168.1.221,17,53,58725,dns,dns|,1,1
null,null,0x0800,192.168.1.221,52.22.101.123,6,58638,443,tls,tls|,33,6
null,null,0x0800,192.168.1.221,192.168.1.1,17,62931,53,dns,dns|,2,2
null,null,0x0800,192.168.1.221,192.168.1.1,17,54971,53,dns,dns|,1,1
null,null,0x0800,192.168.1.221,192.168.1.1,17,50351,53,dns,dns|,1,1
null,null,0x0800,192.168.1.221,192.168.1.1,17,53559,53,dns,dns|,2,2
null,null,0x0800,192.168.1.221,192.168.1.1,17,63272,53,dns,dns|,2,2
null,null,0x0800,45.127.113.2,192.168.1.221,17,123,64334,ntp,ntp|,1,1
null,null,0x0800,192.168.1.221,203.135.184.123,17,57793,123,ntp,ntp|,1,1
null,null,0x0800,192.168.1.221,192.168.1.1,17,52664,53,dns,dns|,2,2
null,null,0x0800,192.168.1.221,192.168.1.1,17,54875,53,dns,dns|,2,2
null,null,0x0800,192.168.1.221,192.168.1.1,17,53970,53,dns,dns|,2,2
null,null,0x0800,192.168.1.1,192.168.1.221,17,53,57870,dns,dns|,2,2
null,null,0x0800,52.221.139.217,192.168.1.221,17,25502,51504,none,none,31,2150
null,null,0x0800,192.168.1.1,192.168.1.221,17,53,52186,dns,dns|,2,2
null,null,0x0800,192.168.1.221,192.168.1.1,17,51561,53,dns,dns|,1,1
null,null,0x0800,192.168.1.1,192.168.1.221,17,53,56786,dns,dns|,1,1
null,null,0x0800,192.168.1.1,192.168.1.221,17,53,54124,dns,dns|,2,2
null,null,0x0800,192.168.1.221,192.168.1.1,17,62061,53,dns,dns|,1,1
null,null,0x0800,192.168.1.1,192.168.1.221,17,53,56545,dns,dns|,2,2
null,null,0x0800,192.168.1.1,192.168.1.221,17,53,59705,dns,dns|,1,1
null,null,0x0800,192.168.1.1,192.168.1.221,17,53,57648,dns,dns|,2,2
null,null,0x0800,192.168.1.221,192.168.1.1,17,51006,53,dns,dns|,2,2
null,null,0x0800,192.168.1.221,192.168.1.1,17,51466,53,dns,dns|,1,1
null,null,0x0800,192.168.1.221,192.168.1.1,17,52892,53,dns,dns|,2,2
null,null,0x0800,192.168.1.221,192.168.1.1,17,57912,53,dns,dns|,2,2
null,null,0x0800,192.168.1.221,203.7.149.150,17,49885,123,ntp,ntp|,1,1
null,null,0x0800,192.168.1.221,52.205.153.193,6,56576,443,tls,tls|,17,6
null,null,0x0800,192.168.1.221,192.168.1.1,17,50111,53,dns,dns|,2,2
null,null,0x0800,192.168.1.1,192.168.1.221,17,53,55220,dns,dns|,1,1
null,null,0x0800,192.168.1.221,192.168.1.1,17,60512,53,dns,dns|,2,2
null,null,0x0800,192.168.1.221,192.168.1.1,17,54888,53,dns,dns|,1,1
null,null,0x0800,192.168.1.1,192.168.1.221,17,53,52075,dns,dns|,2,2
null,null,0x0800,192.168.1.1,192.168.1.221,17,53,55463,dns,dns|,2,2
null,null,0x0800,192.168.1.221,192.168.1.1,17,63826,53,dns,dns|,2,2
null,null,0x0800,192.168.1.1,192.168.1.221,17,53,58850,dns,dns|,2,2
null,null,0x0800,192.168.1.221,192.168.1.1,17,56811,53,dns,dns|,2,2
null,null,0x0800,192.168.1.1,192.168.1.221,17,53,55347,dns,dns|,2,2
null,null,0x0800,192.168.1.1,192.168.1.221,17,53,52368,dns,dns|,2,2
null,null,0x0800,192.168.1.221,192.168.1.1,17,52063,53,dns,dns|,2,2
null,null,0x0800,192.168.1.1,192.168.1.221,17,53,49196,dns,dns|,2,2
null,null,0x0800,192.168.1.1,192.168.1.221,17,53,58909,dns,dns|,2,2
null,null,0x0800,192.168.1.1,192.168.1.221,17,53,64109,dns,dns|,1,1
null,null,0x0800,192.168.1.221,192.168.1.1,17,63573,53,dns,dns|,2,2
null,null,0x0800,192.168.1.1,192.168.1.221,17,53,63015,dns,dns|,2,2
null,null,0x0800,192.168.1.1,192.168.1.221,17,53,64344,dns,dns|,1,1
null,null,0x0800,52.73.28.8,192.168.1.221,6,443,55918,tls,tls|,6,17
null,null,0x0800,192.168.1.221,192.168.1.1,17,59956,53,dns,dns|,1,1
null,null,0x0800,192.168.1.221,192.168.1.1,17,54906,53,dns,dns|,1,1
null,null,0x0800,192.168.1.1,192.168.1.221,17,53,63133,dns,dns|,2,2
null,null,0x0800,192.168.1.1,192.168.1.221,17,53,64463,dns,dns|,2,2
null,null,0x0800,192.168.1.221,54.210.10.156,6,53782,443,tls,tls|,12,6
null,null,0x0800,192.168.1.221,192.168.1.1,17,50766,53,dns,dns|,3,3
null,null,0x0800,192.168.1.221,54.210.10.156,6,61467,443,tls,tls|,13,6
null,null,0x0800,52.205.153.193,192.168.1.221,6,443,57969,tls,tls|,6,13
null,null,0x0800,192.168.1.221,192.168.1.1,17,62144,53,dns,dns|,1,1
null,null,0x0800,192.168.1.221,192.168.1.1,17,49982,53,dns,dns|,2,2
null,null,0x0800,192.168.1.221,52.5.51.114,6,59248,443,tls,tls|,13,6
null,null,0x0800,192.168.1.1,192.168.1.221,17,53,50075,dns,dns|,2,2
null,null,0x0800,192.168.1.1,192.168.1.221,17,53,51163,dns,dns|,2,2
null,null,0x0800,192.168.1.221,192.168.1.1,17,68,67,dhcp,dhcp|,483,489
null,null,0x0800,192.168.1.221,192.168.1.1,17,63584,53,dns,dns|,2,2
null,null,0x0800,192.168.1.1,192.168.1.221,17,53,63028,dns,dns|,2,2
null,null,0x0800,192.168.1.221,192.168.1.1,17,61165,53,dns,dns|,1,1
null,null,0x0800,192.168.1.1,192.168.1.221,17,53,64599,dns,dns|,1,1
null,null,0x0800,192.168.1.221,192.168.1.1,17,53936,53,dns,dns|,2,2
null,null,0x0800,192.168.1.221,192.168.1.1,17,52702,53,dns,dns|,1,1
null,null,0x0800,192.168.1.1,192.168.1.221,17,53,64598,dns,dns|,2,2
null,null,0x0800,192.168.1.1,192.168.1.221,17,53,64114,dns,dns|,2,2
null,null,0x0800,192.168.1.221,192.168.1.1,17,54907,53,dns,dns|,2,2
null,null,0x0800,192.168.1.1,192.168.1.221,17,53,63020,dns,dns|,2,2
null,null,0x0800,192.168.1.221,192.168.1.1,17,63597,53,dns,dns|,2,2
null,null,0x0800,192.168.1.1,192.168.1.221,17,53,62174,dns,dns|,2,2
null,null,0x0800,192.168.1.1,192.168.1.221,17,53,62171,dns,dns|,1,1
null,null,0x0800,192.168.1.221,192.168.1.1,17,49305,53,dns,dns|,1,1
null,null,0x0800,192.168.1.1,192.168.1.221,17,53,52371,dns,dns|,2,2
null,null,0x0800,192.168.1.221,104.156.232.147,17,64270,123,ntp,ntp|,1,1
null,null,0x0800,192.168.1.221,192.168.1.1,17,52847,53,dns,dns|,1,1
null,null,0x0800,192.168.1.221,52.73.28.8,6,64550,443,tls,tls|,14,6
null,null,0x0800,192.168.1.221,52.205.153.193,6,60970,443,tls,tls|,14,6
null,null,0x0800,192.168.1.1,192.168.1.221,17,53,53478,dns,dns|,2,2
null,null,0x0800,8.8.8.8,192.168.1.221,17,53,51672,dns,dns|,1,1
null,null,0x0800,192.168.1.1,192.168.1.221,17,53,53479,dns,dns|,2,2
null,null,0x0800,52.6.121.206,192.168.1.221,6,443,63277,tls,tls|,6,25
null,null,0x0800,192.168.1.221,52.205.153.193,6,50259,443,tls,tls|,14,6
null,null,0x0800,192.168.1.221,52.205.153.193,6,57351,443,tls,tls|,13,6
null,null,0x0800,192.168.1.1,192.168.1.221,17,53,65219,dns,dns|,1,1
null,null,0x0800,192.168.1.1,192.168.1.221,17,53,65459,dns,dns|,2,2
null,null,0x0800,192.168.1.1,192.168.1.221,17,53,63159,dns,dns|,1,1
null,null,0x0800,129.250.35.251,192.168.1.221,17,123,62432,ntp,ntp|,1,1
null,null,0x0800,192.168.1.221,192.168.1.1,17,49439,53,dns,dns|,1,1
null,null,0x0800,192.168.1.221,49.176.193.230,17,54741,123,none,none,1,0
null,null,0x0800,27.124.125.252,192.168.1.221,17,123,51476,ntp,ntp|,1,1
null,null,0x0800,192.168.1.221,52.205.153.193,6,64230,443,tls,tls|,17,6
null,null,0x0800,192.168.1.221,192.168.1.1,17,64894,53,dns,dns|,2,2
null,null,0x0800,192.168.1.221,192.168.1.1,17,50328,53,dns,dns|,1,1
null,null,0x0800,192.168.1.1,192.168.1.221,17,53,54564,dns,dns|,2,2
null,null,0x0800,192.168.1.1,192.168.1.221,17,53,53232,dns,dns|,5,5
null,null,0x0800,192.168.1.1,192.168.1.221,17,53,55894,dns,dns|,2,2
null,null,0x0800,52.221.139.217,192.168.1.221,17,15063,15063,none,none,9,17
null,null,0x0800,129.250.35.250,192.168.1.221,17,123,60464,ntp,ntp|,1,1
null,null,0x0800,192.168.1.221,192.168.1.1,17,60260,53,dns,dns|,2,2
null,null,0x0800,192.168.1.1,192.168.1.221,17,53,50097,dns,dns|,2,2
null,null,0x0800,52.73.28.8,192.168.1.221,6,443,53500,tls,tls|,6,13
null,null,0x0800,192.168.1.1,192.168.1.221,17,53,64139,dns,dns|,2,2
null,null,0x0800,192.168.1.221,192.168.1.1,17,53837,53,dns,dns|,1,1
null,null,0x0800,192.168.1.1,192.168.1.221,17,53,65465,dns,dns|,2,2
null,null,0x0800,192.168.1.221,192.168.1.1,17,63575,53,dns,dns|,2,2
null,null,0x0800,192.168.1.221,192.168.1.1,17,60095,53,dns,dns|,5,5
null,null,0x0800,192.168.1.221,150.101.112.134,17,62815,123,none,none,1,0
null,null,0x0800,192.168.1.1,192.168.1.221,17,53,56752,dns,dns|,1,1
null,null,0x0800,52.6.121.206,192.168.1.221,6,443,56768,tls,tls|,6,36
null,null,0x0800,192.168.1.221,192.168.1.1,17,58604,53,dns,dns|,2,2
null,null,0x0800,192.168.1.221,203.135.184.123,17,59282,123,ntp,ntp|,1,1
null,null,0x0800,52.73.28.8,192.168.1.221,6,443,62003,tls,tls|,6,17
null,null,0x0800,192.168.1.1,192.168.1.221,17,53,60068,dns,dns|,2,2
null,null,0x0800,192.168.1.1,192.168.1.221,17,53,62005,dns,dns|,2,2
null,null,0x0800,52.201.5.235,192.168.1.221,6,443,56779,tls,tls|,6,25
null,null,0x0800,192.168.1.1,192.168.1.221,17,53,49158,dns,dns|,1,1
null,null,0x0800,192.168.1.1,192.168.1.221,17,53,59196,dns,dns|,2,2
null,null,0x0800,192.168.1.221,192.168.1.1,17,50302,53,dns,dns|,2,2
null,null,0x0800,192.168.1.221,192.168.1.1,17,49687,53,dns,dns|,2,2
null,null,0x0800,192.168.1.221,192.168.1.1,17,55577,53,dns,dns|,4,4
null,null,0x0800,192.168.1.221,192.168.1.1,17,60735,53,dns,dns|,2,2
null,null,0x0800,192.168.1.221,192.168.1.1,17,49348,53,dns,dns|,2,2
null,null,0x0800,192.168.1.221,192.168.1.1,17,50423,53,dns,dns|,2,2
null,null,0x0800,192.168.1.1,192.168.1.221,17,53,50388,dns,dns|,2,2
null,null,0x0800,192.168.1.1,192.168.1.221,17,53,51477,dns,dns|,2,2
null,null,0x0800,192.168.1.1,192.168.1.221,17,53,53411,dns,dns|,2,2
null,null,0x0800,192.168.1.221,192.168.1.1,17,59285,53,dns,dns|,2,2
null,null,0x0800,192.168.1.221,52.5.51.114,6,62874,443,tls,tls|,17,6
null,null,0x0800,52.73.28.8,192.168.1.221,6,443,62237,tls,tls|,6,14
null,null,0x0800,192.168.1.221,129.250.35.251,17,63839,123,ntp,ntp|,1,1
null,null,0x0800,192.168.1.221,54.210.10.156,6,64075,443,tls,tls|,14,6
null,null,0x0800,192.168.1.1,192.168.1.221,17,53,64319,dns,dns|,9,9
null,null,0x0800,150.101.176.226,192.168.1.221,17,123,58066,ntp,ntp|,1,1
null,null,0x0800,192.168.1.221,52.5.51.114,6,55294,443,tls,tls|,14,6
null,null,0x0800,192.168.1.1,192.168.1.221,17,53,62134,dns,dns|,1,1
null,null,0x0800,192.168.1.1,192.168.1.221,17,53,63223,dns,dns|,2,2
null,null,0x0800,192.168.1.1,192.168.1.221,17,53,61045,dns,dns|,2,2
null,null,0x0800,192.168.1.221,192.168.1.1,17,52988,53,dns,dns|,2,2
null,null,0x0800,192.168.1.221,54.210.10.156,6,65183,443,tls,tls|,17,6
null,null,0x0800,192.168.1.1,192.168.1.221,17,53,62371,dns,dns|,1,1
null,null,0x0800,192.168.1.221,192.168.1.1,17,50448,53,dns,dns|,3,3
null,null,0x0800,192.168.1.221,192.168.1.1,17,60978,53,dns,dns|,1,1
null,null,0x0800,192.168.1.221,203.122.222.149,17,52791,123,ntp,ntp|,1,1
null,null,0x0800,192.168.1.1,192.168.1.221,17,53,55613,dns,dns|,1,1
null,null,0x0800,192.168.1.221,192.168.1.1,17,53858,53,dns,dns|,2,2
null,null,0x0800,192.168.1.221,192.168.1.1,17,59040,53,dns,dns|,2,2
null,null,0x0800,192.168.1.1,192.168.1.221,17,53,51250,dns,dns|,1,1
null,null,0x0800,52.5.51.114,192.168.1.221,6,443,50307,tls,tls|,6,14
null,null,0x0800,192.168.1.221,54.210.10.156,6,60102,443,tls,tls|,13,6
null,null,0x0800,192.168.1.221,192.168.1.1,17,62915,53,dns,dns|,1,1
null,null,0x0800,192.168.1.221,192.168.1.1,17,50663,53,dns,dns|,2,2
null,null,0x0800,192.168.1.221,192.168.1.1,17,55313,53,dns,dns|,1,1
null,null,0x0800,192.168.1.1,192.168.1.221,17,53,62385,dns,dns|,2,2
null,null,0x0800,192.168.1.1,192.168.1.221,17,53,62264,dns,dns|,2,2
null,null,0x0800,192.168.1.221,192.168.1.1,17,62275,53,dns,dns|,2,2
null,null,0x0800,192.168.1.1,192.168.1.221,17,53,55610,dns,dns|,2,2
null,null,0x0800,192.168.1.221,192.168.1.1,17,59077,53,dns,dns|,1,1
null,null,0x0800,192.168.1.221,192.168.1.1,17,51753,53,dns,dns|,2,2
null,null,0x0800,192.168.1.1,192.168.1.221,17,53,63009,dns,dns|,1,1
null,null,0x0800,192.168.1.1,192.168.1.221,17,53,63006,dns,dns|,1,1
null,null,0x0800,192.168.1.221,192.168.1.1,17,52877,53,dns,dns|,2,2
null,null,0x0800,192.168.1.221,52.6.121.206,6,59369,443,tls,tls|,25,6
null,null,0x0800,192.168.1.221,192.168.1.1,17,50228,53,dns,dns|,1,1
null,null,0x0800,192.168.1.221,192.168.1.1,17,49569,53,dns,dns|,2,2
null,null,0x0800,192.168.1.1,192.168.1.221,1,*,*,none,none,3,0
null,null,0x0800,192.168.1.221,192.168.1.1,17,49448,53,dns,dns|,2,2
null,null,0x0800,192.168.1.221,52.6.121.206,6,52360,443,tls,tls|,25,6
null,null,0x0800,192.168.1.1,192.168.1.221,17,53,61062,dns,dns|,1,1
null,null,0x0800,52.205.153.193,192.168.1.221,6,443,49263,tls,tls|,6,14
null,null,0x0800,192.168.1.1,192.168.1.221,17,53,53560,dns,dns|,1,1
null,null,0x0800,192.168.1.221,192.168.1.1,17,62323,53,dns,dns|,2,2
null,null,0x0800,192.168.1.1,192.168.1.221,17,53,51672,dns,dns|,5,5
null,null,0x0800,192.168.1.221,192.168.1.1,17,55938,53,dns,dns|,2,2
null,null,0x0800,192.168.1.1,192.168.1.221,17,53,52525,dns,dns|,1,1
null,null,0x0800,192.168.1.221,192.168.1.1,17,60059,53,dns,dns|,2,2
null,null,0x0800,192.168.1.1,192.168.1.221,17,53,54949,dns,dns|,1,1
null,null,0x0800,192.168.1.1,192.168.1.221,17,53,60027,dns,dns|,2,2
null,null,0x0800,192.168.1.1,192.168.1.221,17,53,63536,dns,dns|,1,1
null,null,0x0800,192.168.1.1,192.168.1.221,17,53,61354,dns,dns|,2,2
null,null,0x0800,192.168.1.221,192.168.1.1,17,59777,53,dns,dns|,2,2
null,null,0x0800,192.168.1.1,192.168.1.221,17,53,61357,dns,dns|,1,1
null,null,0x0800,192.168.1.1,192.168.1.221,17,53,63896,dns,dns|,1,1
null,null,0x0800,192.168.1.1,192.168.1.221,17,53,60267,dns,dns|,1,1
null,null,0x0800,192.168.1.1,192.168.1.221,17,53,60140,dns,dns|,2,2
null,null,0x0800,192.168.1.1,192.168.1.221,17,53,63650,dns,dns|,2,2
null,null,0x0800,192.168.1.221,192.168.1.1,17,49489,53,dns,dns|,2,2
null,null,0x0800,192.168.1.221,192.168.1.1,17,61258,53,dns,dns|,2,2
null,null,0x0800,192.168.1.221,192.168.1.1,17,53572,53,dns,dns|,2,2
null,null,0x0800,192.168.1.221,54.210.10.156,6,55509,443,tls,tls|,14,6
null,null,0x0800,192.168.1.221,192.168.1.1,17,55371,53,dns,dns|,2,2
null,null,0x0800,192.168.1.1,192.168.1.221,17,53,50587,dns,dns|,2,2
null,null,0x0800,192.168.1.1,192.168.1.221,17,53,50345,dns,dns|,2,2
null,null,0x0800,52.76.156.94,192.168.1.221,17,15063,15063,none,none,4,5
null,null,0x0800,192.168.1.221,192.168.1.1,17,51816,53,dns,dns|,12,12
null,null,0x0800,192.168.1.221,52.205.153.193,6,57174,443,tls,tls|,14,6
null,null,0x0800,192.168.1.221,192.168.1.1,17,50063,53,dns,dns|,2,2
null,null,0x0800,192.168.1.1,192.168.1.221,17,53,63665,dns,dns|,1,1
null,null,0x0800,192.168.1.221,192.168.1.1,17,61562,53,dns,dns|,3,3
null,null,0x0800,192.168.1.221,192.168.1.1,17,61320,53,dns,dns|,1,1
null,null,0x0800,192.168.1.1,192.168.1.221,17,53,60396,dns,dns|,2,2
null,null,0x0800,52.205.153.193,192.168.1.221,6,443,51591,tls,tls|,6,17
null,null,0x0800,192.168.1.221,129.250.35.250,17,57556,123,ntp,ntp|,1,1
null,null,0x0800,192.168.1.221,192.168.1.1,17,54923,53,dns,dns|,2,2
null,null,0x0800,192.168.1.221,192.168.1.1,17,49321,53,dns,dns|,2,2
null,null,0x0800,192.168.1.221,192.168.1.1,17,60231,53,dns,dns|,2,2
null,null,0x0800,192.168.1.221,192.168.1.1,17,62761,53,dns,dns|,1,1
null,null,0x0800,192.168.1.1,192.168.1.221,17,53,54965,dns,dns|,2,2
null,null,0x0800,192.168.1.1,192.168.1.221,17,53,55816,dns,dns|,2,2
null,null,0x0800,54.210.10.156,192.168.1.221,6,443,62215,tls,tls|,6,14
null,null,0x0800,192.168.1.1,192.168.1.221,17,53,62346,dns,dns|,1,1
null,null,0x0800,192.168.1.1,192.168.1.221,17,53,61376,dns,dns|,2,2
null,null,0x0800,52.201.5.235,192.168.1.221,6,443,59746,tls,tls|,6,25
null,null,0x0800,192.168.1.221,192.168.1.1,17,49455,53,dns,dns|,2,2
null,null,0x0800,192.168.1.1,192.168.1.221,17,53,62342,dns,dns|,2,2
null,null,0x0800,192.168.1.221,52.205.153.193,6,58001,443,tls,tls|,18,6
null,null,0x0800,192.168.1.221,192.168.1.1,17,64082,53,dns,dns|,1,1
null,null,0x0800,192.168.1.1,192.168.1.221,17,53,52783,dns,dns|,1,1
null,null,0x0800,192.168.1.1,192.168.1.221,17,53,53873,dns,dns|,1,1
null,null,0x0800,192.168.1.1,192.168.1.221,17,53,49388,dns,dns|,2,2
null,null,0x0800,192.168.1.221,54.210.10.156,6,52521,443,tls,tls|,12,171
null,null,0x0800,192.168.1.1,192.168.1.221,17,53,55829,dns,dns|,2,2
null,null,0x0800,192.168.1.1,192.168.1.221,17,53,62357,dns,dns|,1,1
null,null,0x0800,192.168.1.221,202.60.94.15,17,59230,123,ntp,ntp|,1,1
null,null,0x0800,192.168.1.221,192.168.1.1,17,61794,53,dns,dns|,2,2
null,null,0x0800,192.168.1.221,192.168.1.1,17,54816,53,dns,dns|,1,1
null,null,0x0800,192.168.1.221,192.168.1.1,17,49468,53,dns,dns|,4,4
null,null,0x0800,52.221.139.217,192.168.1.221,1,*,*,none,none,12,0
null,null,0x0800,192.168.1.221,192.168.1.1,17,63789,53,dns,dns|,2,2
null,null,0x0800,192.168.1.1,192.168.1.221,17,53,60172,dns,dns|,2,2
null,null,0x0800,192.168.1.221,192.168.1.1,17,51174,53,dns,dns|,2,2
null,null,0x0800,192.168.1.221,192.168.1.1,17,60475,53,dns,dns|,2,2
null,null,0x0800,192.168.1.221,192.168.1.1,17,56245,53,dns,dns|,1,1
null,null,0x0800,192.168.1.221,192.168.1.1,17,49541,53,dns,dns|,2,2
null,null,0x0800,192.168.1.221,192.168.1.1,17,54804,53,dns,dns|,2,2
null,null,0x0800,192.168.1.221,192.168.1.1,17,62476,53,dns,dns|,1,1
null,null,0x0800,192.168.1.1,192.168.1.221,17,53,62526,dns,dns|,1,1
null,null,0x0800,192.168.1.221,192.168.1.1,17,57554,53,dns,dns|,2,2
null,null,0x0800,192.168.1.1,192.168.1.221,17,53,63854,dns,dns|,1,1
null,null,0x0800,192.168.1.221,192.168.1.1,17,54817,53,dns,dns|,2,2
null,null,0x0800,192.168.1.221,192.168.1.1,17,60719,53,dns,dns|,1,1
null,null,0x0800,192.168.1.221,192.168.1.1,17,59758,53,dns,dns|,2,2
null,null,0x0800,192.168.1.1,192.168.1.221,17,53,59112,dns,dns|,2,2
null,null,0x0800,192.168.1.1,192.168.1.221,17,53,50309,dns,dns|,1,1
null,null,0x0800,52.5.51.114,192.168.1.221,6,443,64527,tls,tls|,6,13
null,null,0x0800,103.38.120.36,192.168.1.221,17,123,62815,ntp,ntp|,1,1
null,null,0x0800,192.168.1.221,54.210.10.156,6,62714,443,tls,tls|,17,6
null,null,0x0800,52.205.153.193,192.168.1.221,6,443,54537,tls,tls|,398,16
null,null,0x0800,192.168.1.1,192.168.1.221,17,53,54910,dns,dns|,2,2
null,null,0x0800,192.168.1.1,192.168.1.221,17,53,52733,dns,dns|,1,1
null,null,0x0800,192.168.1.1,192.168.1.221,17,53,52734,dns,dns|,2,2
null,null,0x0800,192.168.1.1,192.168.1.221,17,53,52976,dns,dns|,2,2
null,null,0x0800,192.168.1.1,192.168.1.221,17,53,52978,dns,dns|,2,2
null,null,0x0800,192.168.1.221,192.168.1.1,17,56682,53,dns,dns|,2,2
null,null,0x0800,192.168.1.1,192.168.1.221,17,53,61680,dns,dns|,2,2
null,null,0x0800,192.168.1.1,192.168.1.221,17,53,60593,dns,dns|,2,2
null,null,0x0800,192.168.1.1,192.168.1.221,17,53,51403,dns,dns|,2,2
null,null,0x0800,192.168.1.221,192.168.1.1,17,65504,53,dns,dns|,1,1
null,null,0x0800,192.168.1.221,192.168.1.1,17,52948,53,dns,dns|,2,2
null,null,0x0800,192.168.1.1,192.168.1.221,17,53,49331,dns,dns|,2,2
null,null,0x0800,192.168.1.1,192.168.1.221,17,53,50562,dns,dns|,2,2
null,null,0x0800,192.168.1.221,192.168.1.1,17,64875,53,dns,dns|,2,2
null,null,0x0800,192.168.1.221,192.168.1.1,17,59779,53,dns,dns|,1,1
null,null,0x0800,192.168.1.221,192.168.1.1,17,57556,53,dns,dns|,2,2
null,null,0x0800,192.168.1.221,192.168.1.1,17,57339,53,dns,dns|,1,1
null,null,0x0800,192.168.1.221,192.168.1.1,17,61147,53,dns,dns|,1,1
null,null,0x0800,52.0.140.23,192.168.1.221,6,443,55688,tls,tls|,6,25
null,null,0x0800,192.168.1.221,192.168.1.1,17,58645,53,dns,dns|,2,2
null,null,0x0800,52.5.51.114,192.168.1.221,6,443,64545,tls,tls|,6,17
null,null,0x0800,192.168.1.221,192.168.1.1,17,58621,53,dns,dns|,1,1
null,null,0x0800,192.168.1.221,192.168.1.1,17,54047,53,dns,dns|,2,2
null,null,0x0800,192.168.1.221,192.168.1.1,17,64414,53,dns,dns|,2,2
null,null,0x0800,192.168.1.221,192.168.1.1,17,51810,53,dns,dns|,2,2
null,null,0x0800,192.168.1.1,192.168.1.221,17,53,60376,dns,dns|,2,2
null,null,0x0800,192.168.1.1,192.168.1.221,17,53,62553,dns,dns|,3,3
null,null,0x0800,192.168.1.221,192.168.1.1,17,59974,53,dns,dns|,2,2
null,null,0x0800,192.168.1.221,52.5.202.160,6,62553,443,tls,tls|,25,6
null,null,0x0800,192.168.1.1,192.168.1.221,17,53,61221,dns,dns|,2,2
null,null,0x0800,192.168.1.1,192.168.1.221,17,53,61463,dns,dns|,1,1
null,null,0x0800,192.168.1.1,192.168.1.221,17,53,62550,dns,dns|,2,2
null,null,0x0800,192.168.1.221,52.5.51.114,6,61352,443,tls,tls|,17,6
null,null,0x0800,192.168.1.221,192.168.1.1,17,55330,53,dns,dns|,2,2
null,null,0x0800,192.168.1.1,192.168.1.221,17,53,50578,dns,dns|,2,2
null,null,0x0800,52.205.153.193,192.168.1.221,6,443,58802,tls,tls|,6,13
