srcMac,,, dstMac,,, ethType,,, srcIp,,, dstIp,,, ipProto,,, srcPort,,, dstPort,,,transaction id,,,flags,,,Qnumber,,
null,,,null,,,0x0800,,,192.168.1.221,,,192.168.1.1,,,17,,,65154,,,53,,,23a2,,,0100,,,0001,,
null,,,null,,,0x0800,,,192.168.1.1,,,192.168.1.221,,,17,,,53,,,52800,,,f06a,,,0100,,,0001,,
null,,,null,,,0x0800,,,192.168.1.1,,,192.168.1.221,,,17,,,53,,,61637,,,dd5c,,,0100,,,0001,,
null,,,null,,,0x0800,,,192.168.1.221,,,192.168.1.1,,,17,,,52310,,,53,,,b9e7,,,0100,,,0001,,
null,,,null,,,0x0800,,,192.168.1.1,,,192.168.1.221,,,17,,,53,,,61754,,,68fa,,,0100,,,0001,,
null,,,null,,,0x0800,,,192.168.1.221,,,192.168.1.1,,,17,,,53787,,,53,,,f9c3,,,0100,,,0001,,
null,,,null,,,0x0800,,,192.168.1.1,,,192.168.1.221,,,17,,,53,,,49874,,,f925,,,0100,,,0001,,
null,,,null,,,0x0800,,,192.168.1.1,,,192.168.1.221,,,17,,,53,,,60541,,,836d,,,0100,,,0001,,
null,,,null,,,0x0800,,,192.168.1.221,,,192.168.1.1,,,17,,,64619,,,53,,,6054,,,0100,,,0001,,
null,,,null,,,0x0800,,,192.168.1.221,,,192.168.1.1,,,17,,,50277,,,53,,,d08b,,,0100,,,0001,,
null,,,null,,,0x0800,,,192.168.1.1,,,192.168.1.221,,,17,,,53,,,56043,,,e009,,,0100,,,0001,,
null,,,null,,,0x0800,,,192.168.1.221,,,192.168.1.1,,,17,,,51111,,,53,,,9cb9,,,0100,,,0001,,
null,,,null,,,0x0800,,,192.168.1.221,,,192.168.1.1,,,17,,,49251,,,53,,,de9f,,,0100,,,0001,,
null,,,null,,,0x0800,,,192.168.1.1,,,192.168.1.221,,,17,,,53,,,57378,,,0d3b,,,0100,,,0001,,
null,,,null,,,0x0800,,,192.168.1.221,,,192.168.1.1,,,17,,,60335,,,53,,,3478,,,0100,,,0001,,
null,,,null,,,0x0800,,,192.168.1.1,,,192.168.1.221,,,17,,,53,,,59433,,,44e0,,,0100,,,0001,,
null,,,null,,,0x0800,,,192.168.1.1,,,192.168.1.221,,,17,,,53,,,56047,,,3748,,,0100,,,0001,,
null,,,null,,,0x0800,,,192.168.1.221,,,192.168.1.1,,,17,,,58243,,,53,,,ff06,,,0100,,,0001,,
null,,,null,,,0x0800,,,192.168.1.1,,,192.168.1.221,,,17,,,53,,,55199,,,d512,,,0100,,,0001,,
null,,,null,,,0x0800,,,192.168.1.1,,,192.168.1.221,,,17,,,53,,,58349,,,c493,,,0100,,,0001,,
null,,,null,,,0x0800,,,192.168.1.221,,,192.168.1.1,,,17,,,54538,,,53,,,6c23,,,0100,,,0001,,
null,,,null,,,0x0800,,,192.168.1.1,,,192.168.1.221,,,17,,,53,,,50990,,,b103,,,0100,,,0001,,
null,,,null,,,0x0800,,,192.168.1.1,,,192.168.1.221,,,17,,,53,,,63709,,,f490,,,0100,,,0001,,
null,,,null,,,0x0800,,,192.168.1.221,,,192.168.1.1,,,17,,,51246,,,53,,,1b68,,,0100,,,0001,,
null,,,null,,,0x0800,,,192.168.1.221,,,192.168.1.1,,,17,,,51125,,,53,,,bc34,,,0100,,,0001,,
null,,,null,,,0x0800,,,192.168.1.221,,,192.168.1.1,,,17,,,64281,,,53,,,0456,,,0100,,,0001,,
null,,,null,,,0x0800,,,192.168.1.221,,,192.168.1.1,,,17,,,63820,,,53,,,b985,,,0100,,,0001,,
null,,,null,,,0x0800,,,192.168.1.1,,,192.168.1.221,,,17,,,53,,,51728,,,7f15,,,0100,,,0001,,
null,,,null,,,0x0800,,,192.168.1.221,,,192.168.1.1,,,17,,,55097,,,53,,,f91b,,,0100,,,0001,,
null,,,null,,,0x0800,,,192.168.1.1,,,192.168.1.221,,,17,,,53,,,56176,,,eaca,,,0100,,,0001,,
null,,,null,,,0x0800,,,192.168.1.1,,,192.168.1.221,,,17,,,53,,,59445,,,9623,,,0100,,,0001,,
null,,,null,,,0x0800,,,192.168.1.1,,,192.168.1.221,,,17,,,53,,,58112,,,ae55,,,0100,,,0001,,
null,,,null,,,0x0800,,,192.168.1.1,,,192.168.1.221,,,17,,,53,,,50513,,,b770,,,0100,,,0001,,
null,,,null,,,0x0800,,,192.168.1.1,,,192.168.1.221,,,17,,,53,,,55089,,,dbd8,,,0100,,,0001,,
null,,,null,,,0x0800,,,192.168.1.221,,,192.168.1.1,,,17,,,58012,,,53,,,2745,,,0100,,,0001,,
null,,,null,,,0x0800,,,192.168.1.221,,,192.168.1.1,,,17,,,52019,,,53,,,1e31,,,0100,,,0001,,
null,,,null,,,0x0800,,,192.168.1.221,,,192.168.1.1,,,17,,,54757,,,53,,,ea20,,,0100,,,0001,,
null,,,null,,,0x0800,,,192.168.1.221,,,192.168.1.1,,,17,,,58036,,,53,,,6589,,,0100,,,0001,,
null,,,null,,,0x0800,,,192.168.1.1,,,192.168.1.221,,,17,,,53,,,50871,,,44fe,,,0100,,,0001,,
null,,,null,,,0x0800,,,192.168.1.1,,,192.168.1.221,,,17,,,53,,,58238,,,eae1,,,0100,,,0001,,
null,,,null,,,0x0800,,,192.168.1.1,,,192.168.1.221,,,17,,,53,,,61417,,,3d39,,,0100,,,0001,,
null,,,null,,,0x0800,,,192.168.1.1,,,192.168.1.221,,,17,,,53,,,63716,,,ea8e,,,0100,,,0001,,
null,,,null,,,0x0800,,,192.168.1.221,,,192.168.1.1,,,17,,,53664,,,53,,,d3f5,,,0100,,,0001,,
null,,,null,,,0x0800,,,192.168.1.221,,,192.168.1.1,,,17,,,63098,,,53,,,a1dd,,,0100,,,0001,,
null,,,null,,,0x0800,,,192.168.1.1,,,192.168.1.221,,,17,,,53,,,49417,,,d311,,,0100,,,0001,,
null,,,null,,,0x0800,,,192.168.1.1,,,192.168.1.221,,,17,,,53,,,61778,,,4d8e,,,0100,,,0001,,
null,,,null,,,0x0800,,,192.168.1.1,,,192.168.1.221,,,17,,,53,,,49654,,,606d,,,0100,,,0001,,
null,,,null,,,0x0800,,,192.168.1.221,,,192.168.1.1,,,17,,,59101,,,53,,,2e04,,,0100,,,0001,,
null,,,null,,,0x0800,,,192.168.1.1,,,192.168.1.221,,,17,,,53,,,59691,,,c6af,,,0100,,,0001,,
null,,,null,,,0x0800,,,192.168.1.1,,,192.168.1.221,,,17,,,53,,,62981,,,ec31,,,0100,,,0001,,
null,,,null,,,0x0800,,,192.168.1.221,,,192.168.1.1,,,17,,,49168,,,53,,,b54a,,,0100,,,0001,,
null,,,null,,,0x0800,,,192.168.1.221,,,192.168.1.1,,,17,,,56030,,,53,,,9a7e,,,0100,,,0001,,
null,,,null,,,0x0800,,,192.168.1.221,,,192.168.1.1,,,17,,,52454,,,53,,,5daa,,,0100,,,0001,,
null,,,null,,,0x0800,,,192.168.1.1,,,192.168.1.221,,,17,,,53,,,56188,,,40c6,,,0100,,,0001,,
null,,,null,,,0x0800,,,192.168.1.221,,,192.168.1.1,,,17,,,58245,,,53,,,38f8,,,0100,,,0001,,
null,,,null,,,0x0800,,,192.168.1.221,,,192.168.1.1,,,17,,,58487,,,53,,,d1d2,,,0100,,,0001,,
null,,,null,,,0x0800,,,192.168.1.1,,,192.168.1.221,,,17,,,53,,,58486,,,9014,,,0100,,,0001,,
null,,,null,,,0x0800,,,192.168.1.1,,,192.168.1.221,,,17,,,53,,,57038,,,df7c,,,0100,,,0001,,
null,,,null,,,0x0800,,,192.168.1.221,,,192.168.1.1,,,17,,,65032,,,53,,,6c19,,,0100,,,0001,,
null,,,null,,,0x0800,,,192.168.1.1,,,192.168.1.221,,,17,,,53,,,52831,,,f19c,,,0100,,,0001,,
null,,,null,,,0x0800,,,192.168.1.221,,,192.168.1.1,,,17,,,64935,,,53,,,7fa9,,,0100,,,0001,,
null,,,null,,,0x0800,,,192.168.1.221,,,192.168.1.1,,,17,,,60137,,,53,,,1717,,,0100,,,0001,,
null,,,null,,,0x0800,,,192.168.1.221,,,192.168.1.1,,,17,,,53554,,,53,,,0cf7,,,0100,,,0001,,
null,,,null,,,0x0800,,,192.168.1.221,,,192.168.1.1,,,17,,,55715,,,53,,,3022,,,0100,,,0001,,
null,,,null,,,0x0800,,,192.168.1.221,,,192.168.1.1,,,17,,,52573,,,53,,,2899,,,0100,,,0001,,
null,,,null,,,0x0800,,,192.168.1.1,,,192.168.1.221,,,17,,,53,,,64811,,,d9d6,,,0100,,,0001,,
null,,,null,,,0x0800,,,192.168.1.1,,,192.168.1.221,,,17,,,53,,,64810,,,249b,,,0100,,,0001,,
null,,,null,,,0x0800,,,192.168.1.221,,,192.168.1.1,,,17,,,63182,,,53,,,fad5,,,0100,,,0001,,
null,,,null,,,0x0800,,,192.168.1.221,,,192.168.1.1,,,17,,,63097,,,53,,,6c2d,,,0100,,,0001,,
null,,,null,,,0x0800,,,192.168.1.1,,,192.168.1.221,,,17,,,53,,,60212,,,f4b2,,,0100,,,0001,,
null,,,null,,,0x0800,,,192.168.1.1,,,192.168.1.221,,,17,,,53,,,60570,,,fda6,,,0100,,,0001,,
null,,,null,,,0x0800,,,192.168.1.1,,,192.168.1.221,,,17,,,53,,,57040,,,8a78,,,0100,,,0001,,
null,,,null,,,0x0800,,,192.168.1.1,,,192.168.1.221,,,17,,,53,,,60571,,,0ad6,,,0100,,,0001,,
null,,,null,,,0x0800,,,192.168.1.221,,,192.168.1.1,,,17,,,50288,,,53,,,a733,,,0100,,,0001,,
null,,,null,,,0x0800,,,192.168.1.221,,,192.168.1.1,,,17,,,53662,,,53,,,1bba,,,0100,,,0001,,
null,,,null,,,0x0800,,,192.168.1.1,,,192.168.1.221,,,17,,,53,,,59461,,,944a,,,0100,,,0001,,
null,,,null,,,0x0800,,,192.168.1.221,,,192.168.1.1,,,17,,,61318,,,53,,,1146,,,0100,,,0001,,
null,,,null,,,0x0800,,,192.168.1.1,,,192.168.1.221,,,17,,,53,,,51746,,,551a,,,0100,,,0001,,
null,,,null,,,0x0800,,,192.168.1.221,,,192.168.1.1,,,17,,,56718,,,53,,,1747,,,0100,,,0001,,
null,,,null,,,0x0800,,,192.168.1.1,,,192.168.1.221,,,17,,,53,,,58376,,,7d69,,,0100,,,0001,,
null,,,null,,,0x0800,,,192.168.1.221,,,192.168.1.1,,,17,,,63628,,,53,,,e4f0,,,0100,,,0001,,
null,,,null,,,0x0800,,,192.168.1.221,,,192.168.1.1,,,17,,,56079,,,53,,,cd41,,,0100,,,0001,,
null,,,null,,,0x0800,,,192.168.1.221,,,192.168.1.1,,,17,,,54868,,,53,,,a019,,,0100,,,0001,,
null,,,null,,,0x0800,,,192.168.1.1,,,192.168.1.221,,,17,,,53,,,51743,,,1d3f,,,0100,,,0001,,
null,,,null,,,0x0800,,,192.168.1.1,,,192.168.1.221,,,17,,,53,,,51622,,,3730,,,0100,,,0001,,
null,,,null,,,0x0800,,,192.168.1.1,,,192.168.1.221,,,17,,,53,,,50532,,,fed8,,,0100,,,0001,,
null,,,null,,,0x0800,,,192.168.1.221,,,192.168.1.1,,,17,,,54626,,,53,,,621e,,,0100,,,0001,,
null,,,null,,,0x0800,,,192.168.1.221,,,192.168.1.1,,,17,,,53577,,,53,,,0ea0,,,0100,,,0001,,
null,,,null,,,0x0800,,,192.168.1.1,,,192.168.1.221,,,17,,,53,,,61832,,,33d2,,,0100,,,0001,,
null,,,null,,,0x0800,,,192.168.1.1,,,192.168.1.221,,,17,,,53,,,62923,,,eb1f,,,0100,,,0001,,
null,,,null,,,0x0800,,,192.168.1.221,,,192.168.1.1,,,17,,,49717,,,53,,,ffa2,,,0100,,,0001,,
null,,,null,,,0x0800,,,192.168.1.221,,,192.168.1.1,,,17,,,59761,,,53,,,6bcc,,,0100,,,0001,,
null,,,null,,,0x0800,,,192.168.1.221,,,192.168.1.1,,,17,,,61553,,,53,,,7bdb,,,0100,,,0001,,
null,,,null,,,0x0800,,,8.8.8.8,,,192.168.1.221,,,17,,,53,,,51816,,,0715,,,0100,,,0001,,
null,,,null,,,0x0800,,,192.168.1.1,,,192.168.1.221,,,17,,,53,,,56241,,,7329,,,0100,,,0001,,
null,,,null,,,0x0800,,,192.168.1.1,,,192.168.1.221,,,17,,,53,,,59873,,,6668,,,0100,,,0001,,
null,,,null,,,0x0800,,,192.168.1.221,,,192.168.1.1,,,17,,,50924,,,53,,,2c8f,,,0100,,,0001,,
null,,,null,,,0x0800,,,192.168.1.221,,,192.168.1.1,,,17,,,58235,,,53,,,7a19,,,0100,,,0001,,
null,,,null,,,0x0800,,,192.168.1.1,,,192.168.1.221,,,17,,,53,,,49603,,,d731,,,0100,,,0001,,
null,,,null,,,0x0800,,,192.168.1.221,,,192.168.1.1,,,17,,,53007,,,53,,,17ce,,,0100,,,0001,,
null,,,null,,,0x0800,,,192.168.1.221,,,192.168.1.1,,,17,,,57363,,,53,,,1382,,,0100,,,0001,,
null,,,null,,,0x0800,,,192.168.1.1,,,192.168.1.221,,,17,,,53,,,60635,,,9f7b,,,0100,,,0001,,
null,,,null,,,0x0800,,,192.168.1.1,,,192.168.1.221,,,17,,,53,,,60871,,,41ce,,,0100,,,0001,,
null,,,null,,,0x0800,,,192.168.1.1,,,192.168.1.221,,,17,,,53,,,49601,,,4c06,,,0100,,,0001,,
null,,,null,,,0x0800,,,192.168.1.1,,,192.168.1.221,,,17,,,53,,,49842,,,b084,,,0100,,,0001,,
null,,,null,,,0x0800,,,192.168.1.221,,,192.168.1.1,,,17,,,63537,,,53,,,7cf1,,,0100,,,0001,,
null,,,null,,,0x0800,,,192.168.1.1,,,192.168.1.221,,,17,,,53,,,50715,,,3ba6,,,0100,,,0001,,
null,,,null,,,0x0800,,,192.168.1.1,,,192.168.1.221,,,17,,,53,,,65086,,,8486,,,0100,,,0001,,
null,,,null,,,0x0800,,,192.168.1.1,,,192.168.1.221,,,17,,,53,,,56372,,,7378,,,0100,,,0001,,
null,,,null,,,0x0800,,,192.168.1.1,,,192.168.1.221,,,17,,,53,,,58796,,,f43f,,,0100,,,0001,,
null,,,null,,,0x0800,,,192.168.1.221,,,192.168.1.1,,,17,,,54822,,,53,,,8153,,,0100,,,0001,,
null,,,null,,,0x0800,,,192.168.1.221,,,192.168.1.1,,,17,,,60477,,,53,,,eb18,,,0100,,,0001,,
null,,,null,,,0x0800,,,192.168.1.221,,,192.168.1.1,,,17,,,54931,,,53,,,ffae,,,0100,,,0001,,
null,,,null,,,0x0800,,,192.168.1.221,,,192.168.1.1,,,17,,,54616,,,53,,,9fb1,,,0100,,,0001,,
null,,,null,,,0x0800,,,192.168.1.221,,,192.168.1.1,,,17,,,60792,,,53,,,881b,,,0100,,,0001,,
null,,,null,,,0x0800,,,192.168.1.1,,,192.168.1.221,,,17,,,53,,,57228,,,4aa3,,,0100,,,0001,,
null,,,null,,,0x0800,,,192.168.1.221,,,192.168.1.1,,,17,,,50816,,,53,,,bcf1,,,0100,,,0001,,
null,,,null,,,0x0800,,,192.168.1.221,,,192.168.1.1,,,17,,,62426,,,53,,,971d,,,0100,,,0001,,
null,,,null,,,0x0800,,,192.168.1.1,,,192.168.1.221,,,17,,,53,,,62828,,,856e,,,0100,,,0001,,
null,,,null,,,0x0800,,,192.168.1.1,,,192.168.1.221,,,17,,,53,,,62702,,,e5ab,,,0100,,,0001,,
null,,,null,,,0x0800,,,192.168.1.1,,,192.168.1.221,,,17,,,53,,,60646,,,29ab,,,0100,,,0001,,
null,,,null,,,0x0800,,,192.168.1.221,,,192.168.1.1,,,17,,,57596,,,53,,,ea0d,,,0100,,,0001,,
null,,,null,,,0x0800,,,192.168.1.1,,,192.168.1.221,,,17,,,53,,,49852,,,a4e4,,,0100,,,0001,,
null,,,null,,,0x0800,,,192.168.1.1,,,192.168.1.221,,,17,,,53,,,49612,,,38da,,,0100,,,0001,,
null,,,null,,,0x0800,,,192.168.1.221,,,192.168.1.1,,,17,,,61313,,,53,,,454c,,,0100,,,0001,,
null,,,null,,,0x0800,,,192.168.1.221,,,192.168.1.1,,,17,,,55054,,,53,,,d8de,,,0100,,,0001,,
null,,,null,,,0x0800,,,192.168.1.1,,,192.168.1.221,,,17,,,53,,,51936,,,cceb,,,0100,,,0001,,
null,,,null,,,0x0800,,,192.168.1.1,,,192.168.1.221,,,17,,,53,,,59655,,,5847,,,0100,,,0001,,
null,,,null,,,0x0800,,,192.168.1.1,,,192.168.1.221,,,17,,,53,,,50603,,,f7a0,,,0100,,,0001,,
null,,,null,,,0x0800,,,192.168.1.221,,,192.168.1.1,,,17,,,49912,,,53,,,3009,,,0100,,,0001,,
null,,,null,,,0x0800,,,192.168.1.221,,,192.168.1.1,,,17,,,50934,,,53,,,682b,,,0100,,,0001,,
null,,,null,,,0x0800,,,192.168.1.1,,,192.168.1.221,,,17,,,53,,,55176,,,068d,,,0100,,,0001,,
null,,,null,,,0x0800,,,192.168.1.1,,,192.168.1.221,,,17,,,53,,,58566,,,d148,,,0100,,,0001,,
null,,,null,,,0x0800,,,192.168.1.1,,,192.168.1.221,,,17,,,53,,,51933,,,8117,,,0100,,,0001,,
null,,,null,,,0x0800,,,192.168.1.221,,,192.168.1.1,,,17,,,51165,,,53,,,c379,,,0100,,,0001,,
null,,,null,,,0x0800,,,192.168.1.221,,,192.168.1.1,,,17,,,58673,,,53,,,313c,,,0100,,,0001,,
null,,,null,,,0x0800,,,192.168.1.1,,,192.168.1.221,,,17,,,53,,,51930,,,1d8b,,,0100,,,0001,,
null,,,null,,,0x0800,,,192.168.1.1,,,192.168.1.221,,,17,,,53,,,58569,,,ac96,,,0100,,,0001,,
null,,,null,,,0x0800,,,192.168.1.1,,,192.168.1.221,,,17,,,53,,,59414,,,d335,,,0100,,,0001,,
null,,,null,,,0x0800,,,192.168.1.1,,,192.168.1.221,,,17,,,53,,,63928,,,119f,,,0100,,,0001,,
null,,,null,,,0x0800,,,192.168.1.221,,,192.168.1.1,,,17,,,60008,,,53,,,8f75,,,0100,,,0001,,
null,,,null,,,0x0800,,,192.168.1.221,,,192.168.1.1,,,17,,,57341,,,53,,,148b,,,0100,,,0001,,
null,,,null,,,0x0800,,,192.168.1.1,,,192.168.1.221,,,17,,,53,,,60415,,,718c,,,0100,,,0001,,
null,,,null,,,0x0800,,,192.168.1.221,,,192.168.1.1,,,17,,,49805,,,53,,,3bf0,,,0100,,,0001,,
null,,,null,,,0x0800,,,192.168.1.1,,,192.168.1.221,,,17,,,53,,,49865,,,713b,,,0100,,,0001,,
null,,,null,,,0x0800,,,192.168.1.221,,,192.168.1.1,,,17,,,64519,,,53,,,52dd,,,0100,,,0001,,
null,,,null,,,0x0800,,,192.168.1.221,,,192.168.1.1,,,17,,,53791,,,53,,,6896,,,0100,,,0001,,
null,,,null,,,0x0800,,,192.168.1.1,,,192.168.1.221,,,17,,,53,,,57483,,,28cb,,,0100,,,0001,,
null,,,null,,,0x0800,,,192.168.1.1,,,192.168.1.221,,,17,,,53,,,51706,,,a97d,,,0100,,,0001,,
null,,,null,,,0x0800,,,192.168.1.1,,,192.168.1.221,,,17,,,53,,,56152,,,a7e1,,,0100,,,0001,,
null,,,null,,,0x0800,,,192.168.1.221,,,192.168.1.1,,,17,,,53331,,,53,,,18a5,,,0100,,,0001,,
null,,,null,,,0x0800,,,192.168.1.1,,,192.168.1.221,,,17,,,53,,,51946,,,379e,,,0100,,,0001,,
null,,,null,,,0x0800,,,192.168.1.1,,,192.168.1.221,,,17,,,53,,,51701,,,2e62,,,0100,,,0001,,
null,,,null,,,0x0800,,,192.168.1.221,,,192.168.1.1,,,17,,,51263,,,53,,,7b21,,,0100,,,0001,,
null,,,null,,,0x0800,,,192.168.1.1,,,192.168.1.221,,,17,,,53,,,50974,,,659e,,,0100,,,0001,,
null,,,null,,,0x0800,,,192.168.1.221,,,192.168.1.1,,,17,,,56059,,,53,,,cd3f,,,0100,,,0001,,
null,,,null,,,0x0800,,,192.168.1.221,,,192.168.1.1,,,17,,,63309,,,53,,,ed7f,,,0100,,,0001,,
null,,,null,,,0x0800,,,192.168.1.221,,,192.168.1.1,,,17,,,54957,,,53,,,9ce7,,,0100,,,0001,,
null,,,null,,,0x0800,,,192.168.1.221,,,192.168.1.1,,,17,,,50455,,,53,,,1abc,,,0100,,,0001,,
null,,,null,,,0x0800,,,192.168.1.221,,,192.168.1.1,,,17,,,50443,,,53,,,fe3b,,,0100,,,0001,,
null,,,null,,,0x0800,,,192.168.1.1,,,192.168.1.221,,,17,,,53,,,64189,,,025c,,,0100,,,0001,,
null,,,null,,,0x0800,,,192.168.1.1,,,192.168.1.221,,,17,,,53,,,63099,,,a246,,,0100,,,0001,,
null,,,null,,,0x0800,,,192.168.1.221,,,192.168.1.1,,,17,,,50019,,,53,,,ccd8,,,0100,,,0001,,
null,,,null,,,0x0800,,,192.168.1.221,,,192.168.1.1,,,17,,,49700,,,53,,,c949,,,0100,,,0001,,
null,,,null,,,0x0800,,,192.168.1.221,,,192.168.1.1,,,17,,,52622,,,53,,,5869,,,0100,,,0001,,
null,,,null,,,0x0800,,,192.168.1.221,,,192.168.1.1,,,17,,,61602,,,53,,,5a3f,,,0100,,,0001,,
null,,,null,,,0x0800,,,192.168.1.1,,,192.168.1.221,,,17,,,53,,,58981,,,6bb0,,,0100,,,0001,,
null,,,null,,,0x0800,,,192.168.1.221,,,192.168.1.1,,,17,,,62099,,,53,,,cdb3,,,0100,,,0001,,
null,,,null,,,0x0800,,,192.168.1.221,,,192.168.1.1,,,17,,,64484,,,53,,,7a2a,,,0100,,,0001,,
null,,,null,,,0x0800,,,192.168.1.221,,,192.168.1.1,,,17,,,56975,,,53,,,c422,,,0100,,,0001,,
null,,,null,,,0x0800,,,192.168.1.221,,,192.168.1.1,,,17,,,63829,,,53,,,a219,,,0100,,,0001,,
null,,,null,,,0x0800,,,192.168.1.1,,,192.168.1.221,,,17,,,53,,,58986,,,cc2d,,,0100,,,0001,,
null,,,null,,,0x0800,,,192.168.1.1,,,192.168.1.221,,,17,,,53,,,57655,,,8421,,,0100,,,0001,,
null,,,null,,,0x0800,,,192.168.1.221,,,192.168.1.1,,,17,,,62184,,,53,,,fa9d,,,0100,,,0001,,
null,,,null,,,0x0800,,,192.168.1.221,,,192.168.1.1,,,17,,,51557,,,53,,,720d,,,0100,,,0001,,
null,,,null,,,0x0800,,,192.168.1.221,,,192.168.1.1,,,17,,,51327,,,53,,,32b5,,,0100,,,0001,,
null,,,null,,,0x0800,,,192.168.1.221,,,192.168.1.1,,,17,,,59241,,,53,,,ecf2,,,0100,,,0001,,
null,,,null,,,0x0800,,,192.168.1.221,,,192.168.1.1,,,17,,,59265,,,53,,,64a1,,,0100,,,0001,,
null,,,null,,,0x0800,,,192.168.1.221,,,192.168.1.1,,,17,,,63297,,,53,,,ec08,,,0100,,,0001,,
null,,,null,,,0x0800,,,192.168.1.221,,,192.168.1.1,,,17,,,53710,,,53,,,4adb,,,0100,,,0001,,
null,,,null,,,0x0800,,,192.168.1.221,,,192.168.1.1,,,17,,,55317,,,53,,,81f2,,,0100,,,0001,,
null,,,null,,,0x0800,,,192.168.1.221,,,192.168.1.1,,,17,,,55547,,,53,,,106b,,,0100,,,0001,,
null,,,null,,,0x0800,,,192.168.1.221,,,192.168.1.1,,,17,,,64011,,,53,,,ecc2,,,0100,,,0001,,
null,,,null,,,0x0800,,,192.168.1.221,,,192.168.1.1,,,17,,,52621,,,53,,,0210,,,0100,,,0001,,
null,,,null,,,0x0800,,,192.168.1.1,,,192.168.1.221,,,17,,,53,,,53181,,,f628,,,0100,,,0001,,
null,,,null,,,0x0800,,,192.168.1.221,,,192.168.1.1,,,17,,,55861,,,53,,,16a0,,,0100,,,0001,,
null,,,null,,,0x0800,,,192.168.1.1,,,192.168.1.221,,,17,,,53,,,53183,,,84ac,,,0100,,,0001,,
null,,,null,,,0x0800,,,192.168.1.1,,,192.168.1.221,,,17,,,53,,,56691,,,e868,,,0100,,,0001,,
null,,,null,,,0x0800,,,192.168.1.1,,,192.168.1.221,,,17,,,53,,,53063,,,a362,,,0100,,,0001,,
null,,,null,,,0x0800,,,192.168.1.1,,,192.168.1.221,,,17,,,53,,,56452,,,07d4,,,0100,,,0001,,
null,,,null,,,0x0800,,,192.168.1.221,,,192.168.1.1,,,17,,,65019,,,53,,,54bd,,,0100,,,0001,,
null,,,null,,,0x0800,,,192.168.1.1,,,192.168.1.221,,,17,,,53,,,58874,,,04e2,,,0100,,,0001,,
null,,,null,,,0x0800,,,192.168.1.1,,,192.168.1.221,,,17,,,53,,,58992,,,8438,,,0100,,,0001,,
null,,,null,,,0x0800,,,192.168.1.1,,,192.168.1.221,,,17,,,53,,,53187,,,6646,,,0100,,,0001,,
null,,,null,,,0x0800,,,192.168.1.1,,,192.168.1.221,,,17,,,53,,,58630,,,6785,,,0100,,,0001,,
null,,,null,,,0x0800,,,192.168.1.1,,,192.168.1.221,,,17,,,53,,,56577,,,83e6,,,0100,,,0001,,
null,,,null,,,0x0800,,,192.168.1.1,,,192.168.1.221,,,17,,,53,,,55367,,,cd76,,,0100,,,0001,,
null,,,null,,,0x0800,,,192.168.1.1,,,192.168.1.221,,,17,,,53,,,54278,,,6eaf,,,0100,,,0001,,
null,,,null,,,0x0800,,,192.168.1.1,,,192.168.1.221,,,17,,,53,,,58754,,,e644,,,0100,,,0001,,
null,,,null,,,0x0800,,,192.168.1.221,,,192.168.1.1,,,17,,,57160,,,53,,,8264,,,0100,,,0001,,
null,,,null,,,0x0800,,,192.168.1.221,,,192.168.1.1,,,17,,,59032,,,53,,,0eaf,,,0100,,,0001,,
null,,,null,,,0x0800,,,192.168.1.221,,,192.168.1.1,,,17,,,65330,,,53,,,36a3,,,0100,,,0001,,
null,,,null,,,0x0800,,,192.168.1.221,,,192.168.1.1,,,17,,,51312,,,53,,,5b13,,,0100,,,0001,,
null,,,null,,,0x0800,,,192.168.1.1,,,192.168.1.221,,,17,,,53,,,62902,,,b16c,,,0100,,,0001,,
null,,,null,,,0x0800,,,192.168.1.221,,,192.168.1.1,,,17,,,61291,,,53,,,181c,,,0100,,,0001,,
null,,,null,,,0x0800,,,192.168.1.221,,,192.168.1.1,,,17,,,55887,,,53,,,1f41,,,0100,,,0001,,
null,,,null,,,0x0800,,,192.168.1.221,,,192.168.1.1,,,17,,,53624,,,53,,,da33,,,0100,,,0001,,
null,,,null,,,0x0800,,,192.168.1.221,,,192.168.1.1,,,17,,,50695,,,53,,,59c6,,,0100,,,0001,,
null,,,null,,,0x0800,,,192.168.1.221,,,192.168.1.1,,,17,,,55862,,,53,,,81e5,,,0100,,,0001,,
null,,,null,,,0x0800,,,192.168.1.221,,,192.168.1.1,,,17,,,63168,,,53,,,078a,,,0100,,,0001,,
null,,,null,,,0x0800,,,192.168.1.1,,,192.168.1.221,,,17,,,53,,,55495,,,52cd,,,0100,,,0001,,
null,,,null,,,0x0800,,,192.168.1.1,,,192.168.1.221,,,17,,,53,,,59610,,,b371,,,0100,,,0001,,
null,,,null,,,0x0800,,,192.168.1.1,,,192.168.1.221,,,17,,,53,,,55255,,,ed4b,,,0100,,,0001,,
null,,,null,,,0x0800,,,192.168.1.1,,,192.168.1.221,,,17,,,53,,,56344,,,3de6,,,0100,,,0001,,
null,,,null,,,0x0800,,,192.168.1.1,,,192.168.1.221,,,17,,,53,,,57431,,,0340,,,0100,,,0001,,
null,,,null,,,0x0800,,,192.168.1.1,,,192.168.1.221,,,17,,,53,,,55012,,,2da8,,,0100,,,0001,,
null,,,null,,,0x0800,,,192.168.1.1,,,192.168.1.221,,,17,,,53,,,56106,,,857e,,,0100,,,0001,,
null,,,null,,,0x0800,,,192.168.1.221,,,192.168.1.1,,,17,,,64680,,,53,,,997a,,,0100,,,0001,,
null,,,null,,,0x0800,,,192.168.1.1,,,192.168.1.221,,,17,,,53,,,57209,,,be8a,,,0100,,,0001,,
null,,,null,,,0x0800,,,192.168.1.221,,,192.168.1.1,,,17,,,61629,,,53,,,e025,,,0100,,,0001,,
null,,,null,,,0x0800,,,192.168.1.221,,,192.168.1.1,,,17,,,58936,,,53,,,ec93,,,0100,,,0001,,
null,,,null,,,0x0800,,,192.168.1.221,,,192.168.1.1,,,17,,,54871,,,53,,,2230,,,0100,,,0001,,
null,,,null,,,0x0800,,,192.168.1.221,,,192.168.1.1,,,17,,,55997,,,53,,,8a64,,,0100,,,0001,,
null,,,null,,,0x0800,,,192.168.1.1,,,192.168.1.221,,,17,,,53,,,61701,,,dc20,,,0100,,,0001,,
null,,,null,,,0x0800,,,192.168.1.1,,,192.168.1.221,,,17,,,53,,,49945,,,fa2b,,,0100,,,0001,,
null,,,null,,,0x0800,,,192.168.1.221,,,192.168.1.1,,,17,,,53405,,,53,,,cdd4,,,0100,,,0001,,
null,,,null,,,0x0800,,,192.168.1.1,,,192.168.1.221,,,17,,,53,,,65066,,,54a9,,,0100,,,0001,,
null,,,null,,,0x0800,,,192.168.1.1,,,192.168.1.221,,,17,,,53,,,58533,,,68d7,,,0100,,,0001,,
null,,,null,,,0x0800,,,192.168.1.221,,,192.168.1.1,,,17,,,65126,,,53,,,052f,,,0100,,,0001,,
null,,,null,,,0x0800,,,192.168.1.1,,,192.168.1.221,,,17,,,53,,,59862,,,29cd,,,0100,,,0001,,
null,,,null,,,0x0800,,,192.168.1.1,,,192.168.1.221,,,17,,,53,,,59740,,,87c4,,,0100,,,0001,,
null,,,null,,,0x0800,,,192.168.1.1,,,192.168.1.221,,,17,,,53,,,59626,,,d254,,,0100,,,0001,,
null,,,null,,,0x0800,,,192.168.1.1,,,192.168.1.221,,,17,,,53,,,58777,,,9061,,,0100,,,0001,,
null,,,null,,,0x0800,,,192.168.1.1,,,192.168.1.221,,,17,,,53,,,53259,,,53e6,,,0100,,,0001,,
null,,,null,,,0x0800,,,192.168.1.1,,,192.168.1.221,,,17,,,53,,,54107,,,6fd1,,,0100,,,0001,,
null,,,null,,,0x0800,,,192.168.1.221,,,192.168.1.1,,,17,,,51116,,,53,,,f9f9,,,0100,,,0001,,
null,,,null,,,0x0800,,,192.168.1.221,,,192.168.1.1,,,17,,,57295,,,53,,,8c4a,,,0100,,,0001,,
null,,,null,,,0x0800,,,192.168.1.221,,,192.168.1.1,,,17,,,62977,,,53,,,4846,,,0100,,,0001,,
null,,,null,,,0x0800,,,192.168.1.221,,,192.168.1.1,,,17,,,51576,,,53,,,61c0,,,0100,,,0001,,
null,,,null,,,0x0800,,,192.168.1.221,,,192.168.1.1,,,17,,,53961,,,53,,,7d65,,,0100,,,0001,,
null,,,null,,,0x0800,,,192.168.1.221,,,192.168.1.1,,,17,,,55538,,,53,,,c3d7,,,0100,,,0001,,
null,,,null,,,0x0800,,,192.168.1.221,,,192.168.1.1,,,17,,,59256,,,53,,,2f57,,,0100,,,0001,,
null,,,null,,,0x0800,,,192.168.1.221,,,192.168.1.1,,,17,,,64914,,,53,,,5083,,,0100,,,0001,,
null,,,null,,,0x0800,,,192.168.1.221,,,192.168.1.1,,,17,,,55405,,,53,,,c785,,,0100,,,0001,,
null,,,null,,,0x0800,,,192.168.1.221,,,192.168.1.1,,,17,,,55961,,,53,,,b790,,,0100,,,0001,,
null,,,null,,,0x0800,,,192.168.1.221,,,192.168.1.1,,,17,,,56519,,,53,,,0efa,,,0100,,,0001,,
null,,,null,,,0x0800,,,192.168.1.1,,,192.168.1.221,,,17,,,53,,,53011,,,4966,,,0100,,,0001,,
null,,,null,,,0x0800,,,192.168.1.221,,,192.168.1.1,,,17,,,61319,,,53,,,825f,,,0100,,,0001,,
null,,,null,,,0x0800,,,192.168.1.1,,,192.168.1.221,,,17,,,53,,,53497,,,39ba,,,0100,,,0001,,
null,,,null,,,0x0800,,,192.168.1.1,,,192.168.1.221,,,17,,,53,,,55677,,,6441,,,0100,,,0001,,
null,,,null,,,0x0800,,,192.168.1.1,,,192.168.1.221,,,17,,,53,,,55326,,,3918,,,0100,,,0001,,
null,,,null,,,0x0800,,,192.168.1.1,,,192.168.1.221,,,17,,,53,,,51087,,,5574,,,0100,,,0001,,
null,,,null,,,0x0800,,,192.168.1.221,,,192.168.1.1,,,17,,,51577,,,53,,,f820,,,0100,,,0001,,
null,,,null,,,0x0800,,,192.168.1.221,,,192.168.1.1,,,17,,,61647,,,53,,,b5b8,,,0100,,,0001,,
null,,,null,,,0x0800,,,192.168.1.221,,,192.168.1.1,,,17,,,55648,,,53,,,c9ae,,,0100,,,0001,,
null,,,null,,,0x0800,,,192.168.1.221,,,192.168.1.1,,,17,,,62736,,,53,,,6176,,,0100,,,0001,,
null,,,null,,,0x0800,,,192.168.1.221,,,192.168.1.1,,,17,,,61092,,,53,,,246f,,,0100,,,0001,,
null,,,null,,,0x0800,,,192.168.1.221,,,192.168.1.1,,,17,,,55963,,,53,,,f187,,,0100,,,0001,,
null,,,null,,,0x0800,,,192.168.1.221,,,192.168.1.1,,,17,,,64055,,,53,,,4607,,,0100,,,0001,,
null,,,null,,,0x0800,,,192.168.1.221,,,192.168.1.1,,,17,,,52677,,,53,,,306a,,,0100,,,0001,,
null,,,null,,,0x0800,,,192.168.1.1,,,192.168.1.221,,,17,,,53,,,52290,,,0962,,,0100,,,0001,,
null,,,null,,,0x0800,,,192.168.1.1,,,192.168.1.221,,,17,,,53,,,54350,,,874f,,,0100,,,0001,,
null,,,null,,,0x0800,,,192.168.1.1,,,192.168.1.221,,,17,,,53,,,55562,,,de38,,,0100,,,0001,,
null,,,null,,,0x0800,,,192.168.1.1,,,192.168.1.221,,,17,,,53,,,53388,,,c75d,,,0100,,,0001,,
null,,,null,,,0x0800,,,192.168.1.1,,,192.168.1.221,,,17,,,53,,,58725,,,075c,,,0100,,,0001,,
null,,,null,,,0x0800,,,192.168.1.221,,,192.168.1.1,,,17,,,62931,,,53,,,12d3,,,0100,,,0001,,
null,,,null,,,0x0800,,,192.168.1.221,,,192.168.1.1,,,17,,,54971,,,53,,,f5c9,,,0100,,,0001,,
null,,,null,,,0x0800,,,192.168.1.221,,,192.168.1.1,,,17,,,50351,,,53,,,bc80,,,0100,,,0001,,
null,,,null,,,0x0800,,,192.168.1.221,,,192.168.1.1,,,17,,,53559,,,53,,,a7e0,,,0100,,,0001,,
null,,,null,,,0x0800,,,192.168.1.221,,,192.168.1.1,,,17,,,63272,,,53,,,230f,,,0100,,,0001,,
null,,,null,,,0x0800,,,192.168.1.221,,,192.168.1.1,,,17,,,52664,,,53,,,0acd,,,0100,,,0001,,
null,,,null,,,0x0800,,,192.168.1.221,,,192.168.1.1,,,17,,,54875,,,53,,,b48c,,,0100,,,0001,,
null,,,null,,,0x0800,,,192.168.1.221,,,192.168.1.1,,,17,,,53970,,,53,,,0a62,,,0100,,,0001,,
null,,,null,,,0x0800,,,192.168.1.1,,,192.168.1.221,,,17,,,53,,,57870,,,a082,,,0100,,,0001,,
null,,,null,,,0x0800,,,192.168.1.1,,,192.168.1.221,,,17,,,53,,,52186,,,67f9,,,0100,,,0001,,
null,,,null,,,0x0800,,,192.168.1.221,,,192.168.1.1,,,17,,,51561,,,53,,,7e01,,,0100,,,0001,,
null,,,null,,,0x0800,,,192.168.1.1,,,192.168.1.221,,,17,,,53,,,56786,,,dace,,,0100,,,0001,,
null,,,null,,,0x0800,,,192.168.1.1,,,192.168.1.221,,,17,,,53,,,54124,,,9669,,,0100,,,0001,,
null,,,null,,,0x0800,,,192.168.1.221,,,192.168.1.1,,,17,,,62061,,,53,,,7681,,,0100,,,0001,,
null,,,null,,,0x0800,,,192.168.1.1,,,192.168.1.221,,,17,,,53,,,56545,,,1a53,,,0100,,,0001,,
null,,,null,,,0x0800,,,192.168.1.1,,,192.168.1.221,,,17,,,53,,,59705,,,d5a5,,,0100,,,0001,,
null,,,null,,,0x0800,,,192.168.1.1,,,192.168.1.221,,,17,,,53,,,57648,,,be55,,,0100,,,0001,,
null,,,null,,,0x0800,,,192.168.1.221,,,192.168.1.1,,,17,,,51006,,,53,,,8b77,,,0100,,,0001,,
null,,,null,,,0x0800,,,192.168.1.221,,,192.168.1.1,,,17,,,51466,,,53,,,ed7c,,,0100,,,0001,,
null,,,null,,,0x0800,,,192.168.1.221,,,192.168.1.1,,,17,,,52892,,,53,,,af11,,,0100,,,0001,,
null,,,null,,,0x0800,,,192.168.1.221,,,192.168.1.1,,,17,,,57912,,,53,,,f388,,,0100,,,0001,,
null,,,null,,,0x0800,,,192.168.1.221,,,192.168.1.1,,,17,,,50111,,,53,,,1600,,,0100,,,0001,,
null,,,null,,,0x0800,,,192.168.1.1,,,192.168.1.221,,,17,,,53,,,55220,,,c730,,,0100,,,0001,,
null,,,null,,,0x0800,,,192.168.1.221,,,192.168.1.1,,,17,,,60512,,,53,,,0844,,,0100,,,0001,,
null,,,null,,,0x0800,,,192.168.1.221,,,192.168.1.1,,,17,,,54888,,,53,,,130b,,,0100,,,0001,,
null,,,null,,,0x0800,,,192.168.1.1,,,192.168.1.221,,,17,,,53,,,52075,,,768d,,,0100,,,0001,,
null,,,null,,,0x0800,,,192.168.1.1,,,192.168.1.221,,,17,,,53,,,55463,,,f994,,,0100,,,0001,,
null,,,null,,,0x0800,,,192.168.1.221,,,192.168.1.1,,,17,,,63826,,,53,,,1d52,,,0100,,,0001,,
null,,,null,,,0x0800,,,192.168.1.1,,,192.168.1.221,,,17,,,53,,,58850,,,9fb0,,,0100,,,0001,,
null,,,null,,,0x0800,,,192.168.1.221,,,192.168.1.1,,,17,,,56811,,,53,,,63b9,,,0100,,,0001,,
null,,,null,,,0x0800,,,192.168.1.1,,,192.168.1.221,,,17,,,53,,,55347,,,1771,,,0100,,,0001,,
null,,,null,,,0x0800,,,192.168.1.1,,,192.168.1.221,,,17,,,53,,,52368,,,082e,,,0100,,,0001,,
null,,,null,,,0x0800,,,192.168.1.221,,,192.168.1.1,,,17,,,52063,,,53,,,d029,,,0100,,,0001,,
null,,,null,,,0x0800,,,192.168.1.1,,,192.168.1.221,,,17,,,53,,,49196,,,0120,,,0100,,,0001,,
null,,,null,,,0x0800,,,192.168.1.1,,,192.168.1.221,,,17,,,53,,,58909,,,644d,,,0100,,,0001,,
null,,,null,,,0x0800,,,192.168.1.1,,,192.168.1.221,,,17,,,53,,,64109,,,31e1,,,0100,,,0001,,
null,,,null,,,0x0800,,,192.168.1.221,,,192.168.1.1,,,17,,,63573,,,53,,,4e1a,,,0100,,,0001,,
null,,,null,,,0x0800,,,192.168.1.1,,,192.168.1.221,,,17,,,53,,,63015,,,cdb8,,,0100,,,0001,,
null,,,null,,,0x0800,,,192.168.1.1,,,192.168.1.221,,,17,,,53,,,64344,,,1369,,,0100,,,0001,,
null,,,null,,,0x0800,,,192.168.1.221,,,192.168.1.1,,,17,,,59956,,,53,,,3b7c,,,0100,,,0001,,
null,,,null,,,0x0800,,,192.168.1.221,,,192.168.1.1,,,17,,,54906,,,53,,,4013,,,0100,,,0001,,
null,,,null,,,0x0800,,,192.168.1.1,,,192.168.1.221,,,17,,,53,,,63133,,,1747,,,0100,,,0001,,
null,,,null,,,0x0800,,,192.168.1.1,,,192.168.1.221,,,17,,,53,,,64463,,,233e,,,0100,,,0001,,
null,,,null,,,0x0800,,,192.168.1.221,,,192.168.1.1,,,17,,,50766,,,53,,,dfd0,,,0100,,,0001,,
null,,,null,,,0x0800,,,192.168.1.221,,,192.168.1.1,,,17,,,62144,,,53,,,1c9a,,,0100,,,0001,,
null,,,null,,,0x0800,,,192.168.1.221,,,192.168.1.1,,,17,,,49982,,,53,,,ffe0,,,0100,,,0001,,
null,,,null,,,0x0800,,,192.168.1.1,,,192.168.1.221,,,17,,,53,,,50075,,,c082,,,0100,,,0001,,
null,,,null,,,0x0800,,,192.168.1.1,,,192.168.1.221,,,17,,,53,,,51163,,,6ef6,,,0100,,,0001,,
null,,,null,,,0x0800,,,192.168.1.221,,,192.168.1.1,,,17,,,63584,,,53,,,80b9,,,0100,,,0001,,
null,,,null,,,0x0800,,,192.168.1.1,,,192.168.1.221,,,17,,,53,,,63028,,,9ca9,,,0100,,,0001,,
null,,,null,,,0x0800,,,192.168.1.221,,,192.168.1.1,,,17,,,61165,,,53,,,9e85,,,0100,,,0001,,
null,,,null,,,0x0800,,,192.168.1.1,,,192.168.1.221,,,17,,,53,,,64599,,,effa,,,0100,,,0001,,
null,,,null,,,0x0800,,,192.168.1.221,,,192.168.1.1,,,17,,,53936,,,53,,,7372,,,0100,,,0001,,
null,,,null,,,0x0800,,,192.168.1.221,,,192.168.1.1,,,17,,,52702,,,53,,,2ca6,,,0100,,,0001,,
null,,,null,,,0x0800,,,192.168.1.1,,,192.168.1.221,,,17,,,53,,,64598,,,bafe,,,0100,,,0001,,
null,,,null,,,0x0800,,,192.168.1.1,,,192.168.1.221,,,17,,,53,,,64114,,,b695,,,0100,,,0001,,
null,,,null,,,0x0800,,,192.168.1.221,,,192.168.1.1,,,17,,,54907,,,53,,,595b,,,0100,,,0001,,
null,,,null,,,0x0800,,,192.168.1.1,,,192.168.1.221,,,17,,,53,,,63020,,,3a64,,,0100,,,0001,,
null,,,null,,,0x0800,,,192.168.1.221,,,192.168.1.1,,,17,,,63597,,,53,,,5fa4,,,0100,,,0001,,
null,,,null,,,0x0800,,,192.168.1.1,,,192.168.1.221,,,17,,,53,,,62174,,,0727,,,0100,,,0001,,
null,,,null,,,0x0800,,,192.168.1.1,,,192.168.1.221,,,17,,,53,,,62171,,,20fc,,,0100,,,0001,,
null,,,null,,,0x0800,,,192.168.1.221,,,192.168.1.1,,,17,,,49305,,,53,,,1ad0,,,0100,,,0001,,
null,,,null,,,0x0800,,,192.168.1.1,,,192.168.1.221,,,17,,,53,,,52371,,,51ec,,,0100,,,0001,,
null,,,null,,,0x0800,,,192.168.1.221,,,192.168.1.1,,,17,,,52847,,,53,,,2290,,,0100,,,0001,,
null,,,null,,,0x0800,,,192.168.1.1,,,192.168.1.221,,,17,,,53,,,53478,,,69ae,,,0100,,,0001,,
null,,,null,,,0x0800,,,8.8.8.8,,,192.168.1.221,,,17,,,53,,,51672,,,8dd6,,,0100,,,0001,,
null,,,null,,,0x0800,,,192.168.1.1,,,192.168.1.221,,,17,,,53,,,53479,,,e959,,,0100,,,0001,,
null,,,null,,,0x0800,,,192.168.1.1,,,192.168.1.221,,,17,,,53,,,65219,,,f395,,,0100,,,0001,,
null,,,null,,,0x0800,,,192.168.1.1,,,192.168.1.221,,,17,,,53,,,65459,,,cde8,,,0100,,,0001,,
null,,,null,,,0x0800,,,192.168.1.1,,,192.168.1.221,,,17,,,53,,,63159,,,48e3,,,0100,,,0001,,
null,,,null,,,0x0800,,,192.168.1.221,,,192.168.1.1,,,17,,,49439,,,53,,,48df,,,0100,,,0001,,
null,,,null,,,0x0800,,,192.168.1.221,,,192.168.1.1,,,17,,,64894,,,53,,,030f,,,0100,,,0001,,
null,,,null,,,0x0800,,,192.168.1.221,,,192.168.1.1,,,17,,,50328,,,53,,,d2dc,,,0100,,,0001,,
null,,,null,,,0x0800,,,192.168.1.1,,,192.168.1.221,,,17,,,53,,,54564,,,0847,,,0100,,,0001,,
null,,,null,,,0x0800,,,192.168.1.1,,,192.168.1.221,,,17,,,53,,,53232,,,c60d,,,0100,,,0001,,
null,,,null,,,0x0800,,,192.168.1.1,,,192.168.1.221,,,17,,,53,,,55894,,,e768,,,0100,,,0001,,
null,,,null,,,0x0800,,,192.168.1.221,,,192.168.1.1,,,17,,,60260,,,53,,,9e8d,,,0100,,,0001,,
null,,,null,,,0x0800,,,192.168.1.1,,,192.168.1.221,,,17,,,53,,,50097,,,6069,,,0100,,,0001,,
null,,,null,,,0x0800,,,192.168.1.1,,,192.168.1.221,,,17,,,53,,,64139,,,d9f0,,,0100,,,0001,,
null,,,null,,,0x0800,,,192.168.1.221,,,192.168.1.1,,,17,,,53837,,,53,,,0930,,,0100,,,0001,,
null,,,null,,,0x0800,,,192.168.1.1,,,192.168.1.221,,,17,,,53,,,65465,,,03f4,,,0100,,,0001,,
null,,,null,,,0x0800,,,192.168.1.221,,,192.168.1.1,,,17,,,63575,,,53,,,b253,,,0100,,,0001,,
null,,,null,,,0x0800,,,192.168.1.221,,,192.168.1.1,,,17,,,60095,,,53,,,9f89,,,0100,,,0001,,
null,,,null,,,0x0800,,,192.168.1.1,,,192.168.1.221,,,17,,,53,,,56752,,,2f04,,,0100,,,0001,,
null,,,null,,,0x0800,,,192.168.1.221,,,192.168.1.1,,,17,,,58604,,,53,,,a0cf,,,0100,,,0001,,
null,,,null,,,0x0800,,,192.168.1.1,,,192.168.1.221,,,17,,,53,,,60068,,,4797,,,0100,,,0001,,
null,,,null,,,0x0800,,,192.168.1.1,,,192.168.1.221,,,17,,,53,,,62005,,,64de,,,0100,,,0001,,
null,,,null,,,0x0800,,,192.168.1.1,,,192.168.1.221,,,17,,,53,,,49158,,,960f,,,0100,,,0001,,
null,,,null,,,0x0800,,,192.168.1.1,,,192.168.1.221,,,17,,,53,,,59196,,,293a,,,0100,,,0001,,
null,,,null,,,0x0800,,,192.168.1.221,,,192.168.1.1,,,17,,,50302,,,53,,,1396,,,0100,,,0001,,
null,,,null,,,0x0800,,,192.168.1.221,,,192.168.1.1,,,17,,,49687,,,53,,,b0c6,,,0100,,,0001,,
null,,,null,,,0x0800,,,192.168.1.221,,,192.168.1.1,,,17,,,55577,,,53,,,5d07,,,0100,,,0001,,
null,,,null,,,0x0800,,,192.168.1.221,,,192.168.1.1,,,17,,,60735,,,53,,,1a9e,,,0100,,,0001,,
null,,,null,,,0x0800,,,192.168.1.221,,,192.168.1.1,,,17,,,49348,,,53,,,a26e,,,0100,,,0001,,
null,,,null,,,0x0800,,,192.168.1.221,,,192.168.1.1,,,17,,,50423,,,53,,,45c4,,,0100,,,0001,,
null,,,null,,,0x0800,,,192.168.1.1,,,192.168.1.221,,,17,,,53,,,50388,,,3402,,,0100,,,0001,,
null,,,null,,,0x0800,,,192.168.1.1,,,192.168.1.221,,,17,,,53,,,51477,,,0108,,,0100,,,0001,,
null,,,null,,,0x0800,,,192.168.1.1,,,192.168.1.221,,,17,,,53,,,53411,,,b20f,,,0100,,,0001,,
null,,,null,,,0x0800,,,192.168.1.221,,,192.168.1.1,,,17,,,59285,,,53,,,f2fd,,,0100,,,0001,,
null,,,null,,,0x0800,,,192.168.1.1,,,192.168.1.221,,,17,,,53,,,64319,,,54d2,,,0100,,,0001,,
null,,,null,,,0x0800,,,192.168.1.1,,,192.168.1.221,,,17,,,53,,,62134,,,a034,,,0100,,,0001,,
null,,,null,,,0x0800,,,192.168.1.1,,,192.168.1.221,,,17,,,53,,,63223,,,4274,,,0100,,,0001,,
null,,,null,,,0x0800,,,192.168.1.1,,,192.168.1.221,,,17,,,53,,,61045,,,ae83,,,0100,,,0001,,
null,,,null,,,0x0800,,,192.168.1.221,,,192.168.1.1,,,17,,,52988,,,53,,,7d4e,,,0100,,,0001,,
null,,,null,,,0x0800,,,192.168.1.1,,,192.168.1.221,,,17,,,53,,,62371,,,8b43,,,0100,,,0001,,
null,,,null,,,0x0800,,,192.168.1.221,,,192.168.1.1,,,17,,,50448,,,53,,,6a52,,,0100,,,0001,,
null,,,null,,,0x0800,,,192.168.1.221,,,192.168.1.1,,,17,,,60978,,,53,,,2ae2,,,0100,,,0001,,
null,,,null,,,0x0800,,,192.168.1.1,,,192.168.1.221,,,17,,,53,,,55613,,,a80f,,,0100,,,0001,,
null,,,null,,,0x0800,,,192.168.1.221,,,192.168.1.1,,,17,,,53858,,,53,,,1ff3,,,0100,,,0001,,
null,,,null,,,0x0800,,,192.168.1.221,,,192.168.1.1,,,17,,,59040,,,53,,,590d,,,0100,,,0001,,
null,,,null,,,0x0800,,,192.168.1.1,,,192.168.1.221,,,17,,,53,,,51250,,,80e9,,,0100,,,0001,,
null,,,null,,,0x0800,,,192.168.1.221,,,192.168.1.1,,,17,,,62915,,,53,,,ae01,,,0100,,,0001,,
null,,,null,,,0x0800,,,192.168.1.221,,,192.168.1.1,,,17,,,50663,,,53,,,9057,,,0100,,,0001,,
null,,,null,,,0x0800,,,192.168.1.221,,,192.168.1.1,,,17,,,55313,,,53,,,acda,,,0100,,,0001,,
null,,,null,,,0x0800,,,192.168.1.1,,,192.168.1.221,,,17,,,53,,,62385,,,6ca7,,,0100,,,0001,,
null,,,null,,,0x0800,,,192.168.1.1,,,192.168.1.221,,,17,,,53,,,62264,,,0c16,,,0100,,,0001,,
null,,,null,,,0x0800,,,192.168.1.221,,,192.168.1.1,,,17,,,62275,,,53,,,76d1,,,0100,,,0001,,
null,,,null,,,0x0800,,,192.168.1.1,,,192.168.1.221,,,17,,,53,,,55610,,,391e,,,0100,,,0001,,
null,,,null,,,0x0800,,,192.168.1.221,,,192.168.1.1,,,17,,,59077,,,53,,,657f,,,0100,,,0001,,
null,,,null,,,0x0800,,,192.168.1.221,,,192.168.1.1,,,17,,,51753,,,53,,,9520,,,0100,,,0001,,
null,,,null,,,0x0800,,,192.168.1.1,,,192.168.1.221,,,17,,,53,,,63009,,,2974,,,0100,,,0001,,
null,,,null,,,0x0800,,,192.168.1.1,,,192.168.1.221,,,17,,,53,,,63006,,,f137,,,0100,,,0001,,
null,,,null,,,0x0800,,,192.168.1.221,,,192.168.1.1,,,17,,,52877,,,53,,,d501,,,0100,,,0001,,
null,,,null,,,0x0800,,,192.168.1.221,,,192.168.1.1,,,17,,,50228,,,53,,,038e,,,0100,,,0001,,
null,,,null,,,0x0800,,,192.168.1.221,,,192.168.1.1,,,17,,,49569,,,53,,,8fbe,,,0100,,,0001,,
null,,,null,,,0x0800,,,192.168.1.221,,,192.168.1.1,,,17,,,49448,,,53,,,e881,,,0100,,,0001,,
null,,,null,,,0x0800,,,192.168.1.1,,,192.168.1.221,,,17,,,53,,,61062,,,0439,,,0100,,,0001,,
null,,,null,,,0x0800,,,192.168.1.1,,,192.168.1.221,,,17,,,53,,,53560,,,144d,,,0100,,,0001,,
null,,,null,,,0x0800,,,192.168.1.221,,,192.168.1.1,,,17,,,62323,,,53,,,dd7c,,,0100,,,0001,,
null,,,null,,,0x0800,,,192.168.1.1,,,192.168.1.221,,,17,,,53,,,51672,,,a879,,,0100,,,0001,,
null,,,null,,,0x0800,,,192.168.1.221,,,192.168.1.1,,,17,,,55938,,,53,,,66ba,,,0100,,,0001,,
null,,,null,,,0x0800,,,192.168.1.1,,,192.168.1.221,,,17,,,53,,,52525,,,4d97,,,0100,,,0001,,
null,,,null,,,0x0800,,,192.168.1.221,,,192.168.1.1,,,17,,,60059,,,53,,,f836,,,0100,,,0001,,
null,,,null,,,0x0800,,,192.168.1.1,,,192.168.1.221,,,17,,,53,,,54949,,,4ac1,,,0100,,,0001,,
null,,,null,,,0x0800,,,192.168.1.1,,,192.168.1.221,,,17,,,53,,,60027,,,2429,,,0100,,,0001,,
null,,,null,,,0x0800,,,192.168.1.1,,,192.168.1.221,,,17,,,53,,,63536,,,df8b,,,0100,,,0001,,
null,,,null,,,0x0800,,,192.168.1.1,,,192.168.1.221,,,17,,,53,,,61354,,,cdca,,,0100,,,0001,,
null,,,null,,,0x0800,,,192.168.1.221,,,192.168.1.1,,,17,,,59777,,,53,,,7f52,,,0100,,,0001,,
null,,,null,,,0x0800,,,192.168.1.1,,,192.168.1.221,,,17,,,53,,,61357,,,a06b,,,0100,,,0001,,
null,,,null,,,0x0800,,,192.168.1.1,,,192.168.1.221,,,17,,,53,,,63896,,,f2d5,,,0100,,,0001,,
null,,,null,,,0x0800,,,192.168.1.1,,,192.168.1.221,,,17,,,53,,,60267,,,71c4,,,0100,,,0001,,
null,,,null,,,0x0800,,,192.168.1.1,,,192.168.1.221,,,17,,,53,,,60140,,,6267,,,0100,,,0001,,
null,,,null,,,0x0800,,,192.168.1.1,,,192.168.1.221,,,17,,,53,,,63650,,,aa2e,,,0100,,,0001,,
null,,,null,,,0x0800,,,192.168.1.221,,,192.168.1.1,,,17,,,49489,,,53,,,78c8,,,0100,,,0001,,
null,,,null,,,0x0800,,,192.168.1.221,,,192.168.1.1,,,17,,,61258,,,53,,,9279,,,0100,,,0001,,
null,,,null,,,0x0800,,,192.168.1.221,,,192.168.1.1,,,17,,,53572,,,53,,,de0d,,,0100,,,0001,,
null,,,null,,,0x0800,,,192.168.1.221,,,192.168.1.1,,,17,,,55371,,,53,,,de3b,,,0100,,,0001,,
null,,,null,,,0x0800,,,192.168.1.1,,,192.168.1.221,,,17,,,53,,,50587,,,07b6,,,0100,,,0001,,
null,,,null,,,0x0800,,,192.168.1.1,,,192.168.1.221,,,17,,,53,,,50345,,,3681,,,0100,,,0001,,
null,,,null,,,0x0800,,,192.168.1.221,,,192.168.1.1,,,17,,,51816,,,53,,,ba6b,,,0100,,,0001,,
null,,,null,,,0x0800,,,192.168.1.221,,,192.168.1.1,,,17,,,50063,,,53,,,7faa,,,0100,,,0001,,
null,,,null,,,0x0800,,,192.168.1.1,,,192.168.1.221,,,17,,,53,,,63665,,,f8e5,,,0100,,,0001,,
null,,,null,,,0x0800,,,192.168.1.221,,,192.168.1.1,,,17,,,61562,,,53,,,e416,,,0100,,,0001,,
null,,,null,,,0x0800,,,192.168.1.221,,,192.168.1.1,,,17,,,61320,,,53,,,b31f,,,0100,,,0001,,
null,,,null,,,0x0800,,,192.168.1.1,,,192.168.1.221,,,17,,,53,,,60396,,,73f7,,,0100,,,0001,,
null,,,null,,,0x0800,,,192.168.1.221,,,192.168.1.1,,,17,,,54923,,,53,,,47e7,,,0100,,,0001,,
null,,,null,,,0x0800,,,192.168.1.221,,,192.168.1.1,,,17,,,49321,,,53,,,e766,,,0100,,,0001,,
null,,,null,,,0x0800,,,192.168.1.221,,,192.168.1.1,,,17,,,60231,,,53,,,1f0a,,,0100,,,0001,,
null,,,null,,,0x0800,,,192.168.1.221,,,192.168.1.1,,,17,,,62761,,,53,,,fac8,,,0100,,,0001,,
null,,,null,,,0x0800,,,192.168.1.1,,,192.168.1.221,,,17,,,53,,,54965,,,7a96,,,0100,,,0001,,
null,,,null,,,0x0800,,,192.168.1.1,,,192.168.1.221,,,17,,,53,,,55816,,,a86d,,,0100,,,0001,,
null,,,null,,,0x0800,,,192.168.1.1,,,192.168.1.221,,,17,,,53,,,62346,,,383d,,,0100,,,0001,,
null,,,null,,,0x0800,,,192.168.1.1,,,192.168.1.221,,,17,,,53,,,61376,,,d539,,,0100,,,0001,,
null,,,null,,,0x0800,,,192.168.1.221,,,192.168.1.1,,,17,,,49455,,,53,,,331c,,,0100,,,0001,,
null,,,null,,,0x0800,,,192.168.1.1,,,192.168.1.221,,,17,,,53,,,62342,,,3ed1,,,0100,,,0001,,
null,,,null,,,0x0800,,,192.168.1.221,,,192.168.1.1,,,17,,,64082,,,53,,,cc03,,,0100,,,0001,,
null,,,null,,,0x0800,,,192.168.1.1,,,192.168.1.221,,,17,,,53,,,52783,,,c6fe,,,0100,,,0001,,
null,,,null,,,0x0800,,,192.168.1.1,,,192.168.1.221,,,17,,,53,,,53873,,,0246,,,0100,,,0001,,
null,,,null,,,0x0800,,,192.168.1.1,,,192.168.1.221,,,17,,,53,,,49388,,,abed,,,0100,,,0001,,
null,,,null,,,0x0800,,,192.168.1.1,,,192.168.1.221,,,17,,,53,,,55829,,,677c,,,0100,,,0001,,
null,,,null,,,0x0800,,,192.168.1.1,,,192.168.1.221,,,17,,,53,,,62357,,,6831,,,0100,,,0001,,
null,,,null,,,0x0800,,,192.168.1.221,,,192.168.1.1,,,17,,,61794,,,53,,,f90b,,,0100,,,0001,,
null,,,null,,,0x0800,,,192.168.1.221,,,192.168.1.1,,,17,,,54816,,,53,,,b7e8,,,0100,,,0001,,
null,,,null,,,0x0800,,,192.168.1.221,,,192.168.1.1,,,17,,,49468,,,53,,,f68b,,,0100,,,0001,,
null,,,null,,,0x0800,,,192.168.1.221,,,192.168.1.1,,,17,,,63789,,,53,,,c40a,,,0100,,,0001,,
null,,,null,,,0x0800,,,192.168.1.1,,,192.168.1.221,,,17,,,53,,,60172,,,6bf8,,,0100,,,0001,,
null,,,null,,,0x0800,,,192.168.1.221,,,192.168.1.1,,,17,,,51174,,,53,,,8668,,,0100,,,0001,,
null,,,null,,,0x0800,,,192.168.1.221,,,192.168.1.1,,,17,,,60475,,,53,,,c792,,,0100,,,0001,,
null,,,null,,,0x0800,,,192.168.1.221,,,192.168.1.1,,,17,,,56245,,,53,,,081b,,,0100,,,0001,,
null,,,null,,,0x0800,,,192.168.1.221,,,192.168.1.1,,,17,,,49541,,,53,,,fd54,,,0100,,,0001,,
null,,,null,,,0x0800,,,192.168.1.221,,,192.168.1.1,,,17,,,54804,,,53,,,eb99,,,0100,,,0001,,
null,,,null,,,0x0800,,,192.168.1.221,,,192.168.1.1,,,17,,,62476,,,53,,,f1e0,,,0100,,,0001,,
null,,,null,,,0x0800,,,192.168.1.1,,,192.168.1.221,,,17,,,53,,,62526,,,a06a,,,0100,,,0001,,
null,,,null,,,0x0800,,,192.168.1.221,,,192.168.1.1,,,17,,,57554,,,53,,,bce1,,,0100,,,0001,,
null,,,null,,,0x0800,,,192.168.1.1,,,192.168.1.221,,,17,,,53,,,63854,,,f40c,,,0100,,,0001,,
null,,,null,,,0x0800,,,192.168.1.221,,,192.168.1.1,,,17,,,54817,,,53,,,c2a6,,,0100,,,0001,,
null,,,null,,,0x0800,,,192.168.1.221,,,192.168.1.1,,,17,,,60719,,,53,,,5b09,,,0100,,,0001,,
null,,,null,,,0x0800,,,192.168.1.221,,,192.168.1.1,,,17,,,59758,,,53,,,5466,,,0100,,,0001,,
null,,,null,,,0x0800,,,192.168.1.1,,,192.168.1.221,,,17,,,53,,,59112,,,4e58,,,0100,,,0001,,
null,,,null,,,0x0800,,,192.168.1.1,,,192.168.1.221,,,17,,,53,,,50309,,,64d5,,,0100,,,0001,,
null,,,null,,,0x0800,,,192.168.1.1,,,192.168.1.221,,,17,,,53,,,54910,,,0108,,,0100,,,0001,,
null,,,null,,,0x0800,,,192.168.1.1,,,192.168.1.221,,,17,,,53,,,52733,,,682e,,,0100,,,0001,,
null,,,null,,,0x0800,,,192.168.1.1,,,192.168.1.221,,,17,,,53,,,52734,,,b212,,,0100,,,0001,,
null,,,null,,,0x0800,,,192.168.1.1,,,192.168.1.221,,,17,,,53,,,52976,,,ecad,,,0100,,,0001,,
null,,,null,,,0x0800,,,192.168.1.1,,,192.168.1.221,,,17,,,53,,,52978,,,00a5,,,0100,,,0001,,
null,,,null,,,0x0800,,,192.168.1.221,,,192.168.1.1,,,17,,,56682,,,53,,,515e,,,0100,,,0001,,
null,,,null,,,0x0800,,,192.168.1.1,,,192.168.1.221,,,17,,,53,,,61680,,,41a8,,,0100,,,0001,,
null,,,null,,,0x0800,,,192.168.1.1,,,192.168.1.221,,,17,,,53,,,60593,,,c924,,,0100,,,0001,,
null,,,null,,,0x0800,,,192.168.1.1,,,192.168.1.221,,,17,,,53,,,51403,,,17f7,,,0100,,,0001,,
null,,,null,,,0x0800,,,192.168.1.221,,,192.168.1.1,,,17,,,65504,,,53,,,c48e,,,0100,,,0001,,
null,,,null,,,0x0800,,,192.168.1.221,,,192.168.1.1,,,17,,,52948,,,53,,,b035,,,0100,,,0001,,
null,,,null,,,0x0800,,,192.168.1.1,,,192.168.1.221,,,17,,,53,,,49331,,,66f8,,,0100,,,0001,,
null,,,null,,,0x0800,,,192.168.1.1,,,192.168.1.221,,,17,,,53,,,50562,,,cf7b,,,0100,,,0001,,
null,,,null,,,0x0800,,,192.168.1.221,,,192.168.1.1,,,17,,,64875,,,53,,,daaf,,,0100,,,0001,,
null,,,null,,,0x0800,,,192.168.1.221,,,192.168.1.1,,,17,,,59779,,,53,,,5b6f,,,0100,,,0001,,
null,,,null,,,0x0800,,,192.168.1.221,,,192.168.1.1,,,17,,,57556,,,53,,,3b6b,,,0100,,,0001,,
null,,,null,,,0x0800,,,192.168.1.221,,,192.168.1.1,,,17,,,57339,,,53,,,1e06,,,0100,,,0001,,
null,,,null,,,0x0800,,,192.168.1.221,,,192.168.1.1,,,17,,,61147,,,53,,,507e,,,0100,,,0001,,
null,,,null,,,0x0800,,,192.168.1.221,,,192.168.1.1,,,17,,,58645,,,53,,,c971,,,0100,,,0001,,
null,,,null,,,0x0800,,,192.168.1.221,,,192.168.1.1,,,17,,,58621,,,53,,,7158,,,0100,,,0001,,
null,,,null,,,0x0800,,,192.168.1.221,,,192.168.1.1,,,17,,,54047,,,53,,,8838,,,0100,,,0001,,
null,,,null,,,0x0800,,,192.168.1.221,,,192.168.1.1,,,17,,,64414,,,53,,,e703,,,0100,,,0001,,
null,,,null,,,0x0800,,,192.168.1.221,,,192.168.1.1,,,17,,,51810,,,53,,,f554,,,0100,,,0001,,
null,,,null,,,0x0800,,,192.168.1.1,,,192.168.1.221,,,17,,,53,,,60376,,,d58d,,,0100,,,0001,,
null,,,null,,,0x0800,,,192.168.1.1,,,192.168.1.221,,,17,,,53,,,62553,,,2547,,,0100,,,0001,,
null,,,null,,,0x0800,,,192.168.1.221,,,192.168.1.1,,,17,,,59974,,,53,,,3975,,,0100,,,0001,,
null,,,null,,,0x0800,,,192.168.1.1,,,192.168.1.221,,,17,,,53,,,61221,,,a804,,,0100,,,0001,,
null,,,null,,,0x0800,,,192.168.1.1,,,192.168.1.221,,,17,,,53,,,61463,,,5122,,,0100,,,0001,,
null,,,null,,,0x0800,,,192.168.1.1,,,192.168.1.221,,,17,,,53,,,62550,,,30bf,,,0100,,,0001,,
null,,,null,,,0x0800,,,192.168.1.221,,,192.168.1.1,,,17,,,55330,,,53,,,2fd3,,,0100,,,0001,,
null,,,null,,,0x0800,,,192.168.1.1,,,192.168.1.221,,,17,,,53,,,50578,,,718e,,,0100,,,0001,,
